{
  "provenance": {
    "run_id": "none",
    "timestamp": "2026-02-21T12:59:01.837732+00:00"
  },
  "results": {
    "total_tokens": 230337,
    "models": {
      "Lattice (Ours)": {
        "bits": 2978629.9107123856,
        "bpt": 12.931617198766961
      },
      "Markov-O2": {
        "bits": 5780821.102912985,
        "bpt": 25.09723189462824
      },
      "Copy-Reset": {
        "bits": 2823561.9107123856,
        "bpt": 12.258394920105696
      },
      "Table-Grille": {
        "bits": 2854017.4487763094,
        "bpt": 12.390616569532074
      }
    }
  }
}