{
  "provenance": {
    "run_id": "8115ea9f-f0a2-14fb-f052-d3e00351cd2a",
    "git_commit": "180cd5e59b73562c5e2d037804e243dbd31a94c7",
    "timestamp": "2026-02-21T14:56:03.351272+00:00",
    "seed": 42,
    "experiment_id": "701f3378-d37c-9c13-acd8-b1040a72761e",
    "run_nonce": 1771685763351211000,
    "command": "run_14h_baseline_showdown"
  },
  "results": {
    "total_tokens": 230337,
    "models": {
      "Lattice (Ours)": {
        "l_model": 39720,
        "l_data": 3300443.0487103,
        "l_total": 3340163.0487103,
        "bpt": 14.501200626518102
      },
      "Markov-O2": {
        "l_model": 890310,
        "l_data": 3373867.5838145013,
        "l_total": 4264177.583814502,
        "bpt": 18.51277729506984
      },
      "Copy-Reset": {
        "l_model": 20,
        "l_data": 2820321.2921412163,
        "l_total": 2820341.2921412163,
        "bpt": 12.244412717632063
      },
      "Table-Grille": {
        "l_model": 1268410,
        "l_data": 3045227.1540855197,
        "l_total": 4313637.15408552,
        "bpt": 18.727504283226402
      }
    }
  }
}