{
  "provenance": {
    "run_id": "b2f8c4c3-6ef3-09f8-8fae-bcfcc2c1ecb6",
    "git_commit": "e5ed5b4c2a27a3f5ece5359486676b3272e93137",
    "timestamp": "2026-02-21T15:55:55.380981+00:00",
    "seed": 42,
    "experiment_id": "701f3378-d37c-9c13-acd8-b1040a72761e",
    "run_nonce": 1771689355380929000,
    "command": "run_14h_baseline_showdown"
  },
  "results": {
    "total_tokens": 34605,
    "models": {
      "Lattice (Ours)": {
        "l_model": 154340,
        "l_data": 398548.41198570415,
        "l_total": 552888.4119857042,
        "bpt": 15.97712503932103
      },
      "Markov-O2": {
        "l_model": 250400,
        "l_data": 431675.5515892073,
        "l_total": 682075.5515892073,
        "bpt": 19.71031791906393
      },
      "Copy-Reset": {
        "l_model": 20,
        "l_data": 377228.6241130896,
        "l_total": 377248.6241130896,
        "bpt": 10.901564054705666
      },
      "Table-Grille": {
        "l_model": 238090,
        "l_data": 405146.16188413126,
        "l_total": 643236.1618841313,
        "bpt": 18.587954396304905
      }
    }
  }
}