{
  "provenance": {
    "run_id": "none",
    "timestamp": "2026-02-21T14:56:21.678085+00:00"
  },
  "results": {
    "mean_chance": 0.05997993072864403,
    "ci_95": [
      0.05894134593597255,
      0.06120965914608487
    ],
    "num_iterations": 100,
    "observed_holdout_score": 0.1326
  }
}