{
  "provenance": {
    "run_id": "none",
    "timestamp": "2026-02-21T15:56:17.363764+00:00"
  },
  "results": {
    "mean_chance": 0.06021945921653808,
    "ci_95": [
      0.05703692607295334,
      0.06290259156617481
    ],
    "num_iterations": 100,
    "observed_holdout_score": 0.1326
  }
}