{
  "provenance": {
    "run_id": "none",
    "timestamp": "2026-02-21T16:22:09.701533+00:00"
  },
  "results": {
    "total_tokens": 34605,
    "failure_types": {
      "not_in_palette": 1753,
      "extreme_jump": 3892,
      "wrong_window": 14690,
      "admissible": 14270
    },
    "failure_rates": {
      "not_in_palette": 0.05065741944805664,
      "extreme_jump": 0.11246929634445889,
      "wrong_window": 0.42450512931657275,
      "admissible": 0.4123681548909117
    },
    "section_stats": {
      "Pharma": {
        "total": 3501,
        "admissible": 1428,
        "not_in_palette": 665,
        "wrong_window": 1180,
        "extreme_jump": 228
      },
      "Stars": {
        "total": 10096,
        "admissible": 4221,
        "not_in_palette": 0,
        "wrong_window": 4582,
        "extreme_jump": 1293
      },
      "Herbal A": {
        "total": 8826,
        "admissible": 3209,
        "not_in_palette": 162,
        "wrong_window": 4095,
        "extreme_jump": 1360
      },
      "Herbal B": {
        "total": 1164,
        "admissible": 369,
        "not_in_palette": 7,
        "wrong_window": 598,
        "extreme_jump": 190
      },
      "Astro": {
        "total": 2869,
        "admissible": 795,
        "not_in_palette": 204,
        "wrong_window": 1401,
        "extreme_jump": 469
      },
      "Biological": {
        "total": 6422,
        "admissible": 3419,
        "not_in_palette": 410,
        "wrong_window": 2277,
        "extreme_jump": 316
      },
      "Cosmo": {
        "total": 1727,
        "admissible": 829,
        "not_in_palette": 305,
        "wrong_window": 557,
        "extreme_jump": 36
      }
    },
    "section_admissibility": {
      "Pharma": 0.4078834618680377,
      "Stars": 0.4180863708399366,
      "Herbal A": 0.36358486290505326,
      "Herbal B": 0.3170103092783505,
      "Astro": 0.2771000348553503,
      "Biological": 0.5323886639676113,
      "Cosmo": 0.48002316155182395
    },
    "top_missing_tokens": [
      [
        "@140",
        3
      ],
      [
        "otoky",
        3
      ],
      [
        "otly",
        2
      ],
      [
        "@192",
        2
      ],
      [
        "olkeedal",
        2
      ],
      [
        "otardy",
        2
      ],
      [
        "otolor",
        2
      ],
      [
        "otaraldy",
        2
      ],
      [
        "okalar",
        2
      ],
      [
        "oeeodaiin",
        2
      ],
      [
        "oldain",
        2
      ],
      [
        "otoram",
        2
      ],
      [
        "tolchd",
        1
      ],
      [
        "solsy",
        1
      ],
      [
        "soleesos",
        1
      ],
      [
        "ykchochdy",
        1
      ],
      [
        "dalsy",
        1
      ],
      [
        "dykchal",
        1
      ],
      [
        "airaly",
        1
      ],
      [
        "dokor",
        1
      ]
    ],
    "palette_size": 7717,
    "num_windows": 50
  }
}