{
  "provenance": {
    "run_id": "none",
    "timestamp": "2026-02-21T15:55:34.224269+00:00"
  },
  "results": {
    "baseline_unigram_bits": 376607.5240293857,
    "model_structure_bits": 43553.63821649155,
    "data_given_model_bits": 299916.66762549843,
    "total_mdl_bits": 343470.30584199,
    "compression_ratio": 0.9120112688327222,
    "explained_token_rate": 0.9493425805519433
  }
}