{
  "provenance": {
    "run_id": "none",
    "timestamp": "2026-02-21T14:55:55.592477+00:00"
  },
  "results": {
    "baseline_unigram_bits": 2823529.9107123856,
    "model_structure_bits": 11208.698392892602,
    "data_given_model_bits": 2604939.144967992,
    "total_mdl_bits": 2616147.8433608846,
    "compression_ratio": 0.9265521974586847,
    "explained_token_rate": 0.4926129974776089
  }
}