{
  "provenance": {
    "run_id": "none",
    "timestamp": "2026-02-21T16:42:00.082245+00:00"
  },
  "results": {
    "real_entropy": 10.883037827752137,
    "syn_entropy": 12.23184447479415,
    "fit_score": 0.8760634054213698,
    "num_syn_tokens": 700197
  }
}