{
  "provenance": {
    "run_id": "none",
    "timestamp": "2026-02-21T04:33:27.774271+00:00"
  },
  "results": {
    "real_entropy": 12.258255993226053,
    "syn_entropy": 11.487943574804826,
    "fit_score": 0.9371597053571973,
    "num_syn_tokens": 700299
  }
}