{
  "provenance": {
    "run_id": "none",
    "timestamp": "2026-02-21T14:55:35.343032+00:00"
  },
  "results": {
    "real_entropy": 12.258255993226053,
    "syn_entropy": 10.066438141229122,
    "fit_score": 0.821196599809293,
    "num_syn_tokens": 699512
  }
}