{
  "provenance": {
    "run_id": "none",
    "timestamp": "2026-02-21T15:55:02.295150+00:00"
  },
  "results": {
    "real_entropy": 10.883037827752137,
    "syn_entropy": 12.235727015642018,
    "fit_score": 0.8757066538498585,
    "num_syn_tokens": 700886
  }
}