{
  "provenance": {
    "run_id": "none",
    "timestamp": "2026-02-21T04:12:18.419938+00:00"
  },
  "results": {
    "real_entropy": 12.258255993226053,
    "syn_entropy": 4.932188812099571,
    "fit_score": 0.40235648650388056,
    "num_syn_tokens": 600000
  }
}