{
  "provenance": {
    "run_id": "none",
    "timestamp": "2026-02-21T04:35:29.761605+00:00"
  },
  "results": {
    "real_entropy": 12.258255993226053,
    "syn_entropy": 11.71381403227008,
    "fit_score": 0.9555856916957165,
    "num_syn_tokens": 699386
  }
}