{
  "provenance": {
    "run_id": "none",
    "timestamp": "2026-02-21T14:56:18.937131+00:00"
  },
  "results": {
    "lattice": {
      "l_model": 39720.0,
      "l_data_given_model": 1035700.7038575251,
      "l_total": 1075420.7038575253
    },
    "markov_equal_budget": {
      "l_model": 39720.0,
      "l_data_given_model": 656917.5918559323,
      "l_total": 696637.5918559323
    },
    "is_parsimonious": false
  }
}