{
  "provenance": {
    "run_id": "none",
    "timestamp": "2026-02-21T15:56:16.312302+00:00"
  },
  "results": {
    "lattice": {
      "l_model": 154340.0,
      "l_data_given_model": 347740.20812350616,
      "l_total": 502080.20812350616
    },
    "markov_equal_budget": {
      "l_model": 154340.0,
      "l_data_given_model": 132889.14718886995,
      "l_total": 287229.14718886995
    },
    "is_parsimonious": false
  }
}