{
  "anchored": {
    "line_count": 1600,
    "max_consistency": 1.0,
    "mean_consistency": 0.4490372105126203,
    "num_recurring_contexts": 305,
    "token_count": 10797
  },
  "delta_ci_high": 0.006080443157031187,
  "delta_ci_low": -0.007546361981998625,
  "delta_mean_consistency": 0.0013083150328599413,
  "p_value": 0.8842315369261478,
  "status": "CONCLUSIVE_NO_COUPLING",
  "status_reason": "adequacy_and_inference_support_no_coupling",
  "unanchored": {
    "line_count": 1600,
    "max_consistency": 1.0,
    "mean_consistency": 0.44772889547976036,
    "num_recurring_contexts": 289,
    "token_count": 10674
  }
}