{
  "voynich_real": {
    "latin": 0.1474348074778022,
    "english": 0.16024446429781114
  },
  "shuffled_global": {
    "latin": 0.14803137684349307,
    "english": 0.16501141912655407
  },
  "mechanical_reuse": {
    "latin": 0.12527317376545996,
    "english": 0.16950110988533265
  }
}