{
  "provenance": {
    "run_id": "none",
    "timestamp": "2026-02-21T03:33:46.860905+00:00"
  },
  "results": {
    "positional_distribution": {
      "1": 184,
      "2": 162,
      "4": 131,
      "6": 59,
      "5": 92,
      "3": 163,
      "8": 35,
      "10": 8,
      "7": 54,
      "9": 21,
      "11": 2,
      "15": 2,
      "14": 1
    },
    "length_distribution": {
      "5": 237,
      "2": 165,
      "3": 110,
      "4": 229,
      "6": 111,
      "7": 45,
      "1": 13,
      "8": 3,
      "9": 1
    },
    "mean_slip_position": 3.641137855579869,
    "std_slip_position": 2.3333499777897484,
    "mean_word_length": 4.144420131291028
  }
}