{
  "provenance": {
    "run_id": "6fd1c9fd-1d76-b4c1-f460-7dcd22cb0a53",
    "git_commit": "e5ed5b4c2a27a3f5ece5359486676b3272e93137",
    "timestamp": "2026-02-21T15:59:21.918105+00:00",
    "seed": 42,
    "experiment_id": "701f3378-d37c-9c13-acd8-b1040a72761e",
    "run_nonce": 1771689561918046000,
    "command": "run_17b_bandwidth_audit"
  },
  "results": {
    "num_decisions": 12519,
    "max_bandwidth_bpw": 8.535689249154247,
    "realized_bandwidth_bpw": 7.525685210317368,
    "ergonomic_overhead_bpw": 1.010004038836879,
    "ergonomic_rho": -0.00026546314333461064,
    "total_capacity_bits": 94214.05314796313,
    "total_capacity_kb": 11.500738909663468,
    "latin_chars_equivalent": 22979.03735316174,
    "english_chars_equivalent": 72472.34857535626,
    "stego_threshold_bpw": 3.0,
    "has_sufficient_bandwidth": true,
    "bandwidth_judgment": "SUBSTANTIAL: The choice-stream has enough entropy to encode meaningful hidden text within lattice constraints."
  }
}