{
  "provenance": {
    "run_id": "0b020f13-680b-a76e-cffc-d310424db729",
    "git_commit": "6d553194db7379a8140a0d63cf6da71b23e43ec0",
    "timestamp": "2026-02-21T15:18:33.189567+00:00",
    "seed": 42,
    "experiment_id": "701f3378-d37c-9c13-acd8-b1040a72761e",
    "run_nonce": 1771687113189494000,
    "command": "run_17b_bandwidth_audit"
  },
  "results": {
    "num_decisions": 24977,
    "max_bandwidth_bpw": 6.805566733811025,
    "realized_bandwidth_bpw": 6.201098831380466,
    "ergonomic_overhead_bpw": 0.6044679024305593,
    "ergonomic_rho": -0.31023338043438453,
    "total_capacity_bits": 154884.8455113899,
    "total_capacity_kb": 18.906841493089587,
    "latin_chars_equivalent": 37776.79158814388,
    "english_chars_equivalent": 119142.1888549153,
    "stego_threshold_bpw": 3.0,
    "has_sufficient_bandwidth": true,
    "bandwidth_judgment": "SUBSTANTIAL: The choice-stream has enough entropy to encode meaningful hidden text within lattice constraints."
  }
}