{
  "provenance": {
    "run_id": "none",
    "timestamp": "2026-02-21T12:46:05.483111+00:00"
  },
  "results": {
    "baseline_unigram_bits": 2823529.9107123856,
    "model_structure_bits": 43768.10475170299,
    "data_given_model_bits": 2286553.850564455,
    "total_mdl_bits": 2330321.955316158,
    "compression_ratio": 0.825322213331259,
    "explained_token_rate": 0.8164168153618394
  }
}