{
  "provenance": {
    "run_id": "5f85586d-01fc-30c0-61f8-0f34e003c82a",
    "git_commit": "b7dddfcb61e37d15c277893a59ee80cecd443bce",
    "timestamp": "2026-02-18T13:31:54.179921+00:00",
    "seed": 42,
    "experiment_id": "701f3378-d37c-9c13-acd8-b1040a72761e",
    "run_nonce": 1771421514179260000,
    "command": "run_phase10_stage5_high_roi"
  },
  "results": {
    "method": "K",
    "status": "ok",
    "decision": "closure_weakened",
    "reason": "Residual outliers are correlated, trend toward language baseline, and are not closed by small generator parameter changes.",
    "config": {
      "target_tokens": 30000,
      "num_runs": 150,
      "seed": 42
    },
    "best_generator_family": "line_reset_markov",
    "candidate_scores": {
      "line_reset_markov": {
        "distance": 0.22405098315384173,
        "sample_features": {
          "entropy": 11.434296460388312,
          "compression_bits_per_token": 19.398666666666667,
          "type_token_ratio": 0.3118,
          "zipf_alpha": 0.7968558211026519,
          "bigram_cond_entropy": 3.204141030788316,
          "trigram_cond_entropy": 0.2141655065890351,
          "bigram_mutual_information": 8.23017845477599,
          "mean_word_length": 5.1226,
          "line_initial_entropy": 11.00006033383139,
          "line_final_entropy": 11.04490707180551,
          "hapax_ratio": 0.6546931793884969
        }
      },
      "line_reset_backoff": {
        "distance": 0.22542568660947085,
        "sample_features": {
          "entropy": 11.40201437741286,
          "compression_bits_per_token": 19.258133333333333,
          "type_token_ratio": 0.3112,
          "zipf_alpha": 0.8087961800720636,
          "bigram_cond_entropy": 3.2215433364764756,
          "trigram_cond_entropy": 0.20834977802851107,
          "bigram_mutual_information": 8.180490159465158,
          "mean_word_length": 5.136966666666667,
          "line_initial_entropy": 11.013410258374702,
          "line_final_entropy": 11.053216413905835,
          "hapax_ratio": 0.6586332476435304
        }
      },
      "line_reset_persistence": {
        "distance": 0.22523714737828862,
        "sample_features": {
          "entropy": 11.409416157678905,
          "compression_bits_per_token": 19.289866666666665,
          "type_token_ratio": 0.31143333333333334,
          "zipf_alpha": 0.8040164491224899,
          "bigram_cond_entropy": 3.2166237677308,
          "trigram_cond_entropy": 0.20868160109161593,
          "bigram_mutual_information": 8.192830770392565,
          "mean_word_length": 5.1423,
          "line_initial_entropy": 10.982949856507117,
          "line_final_entropy": 11.041299424761654,
          "hapax_ratio": 0.6554639837311356
        }
      }
    },
    "feature_stats": {
      "entropy": {
        "voynich": 12.258255993226053,
        "generator_mean": 11.404715029972703,
        "generator_std": 0.02094077225102462,
        "z_score": 40.759765352568905
      },
      "compression_bits_per_token": {
        "voynich": 15.358470415087458,
        "generator_mean": 19.316270222222222,
        "generator_std": 0.061195013007496316,
        "z_score": -64.67520166471634
      },
      "type_token_ratio": {
        "voynich": 0.1684488380069203,
        "generator_mean": 0.3111691111111111,
        "generator_std": 0.002234132847492939,
        "z_score": -63.88173078621812
      },
      "zipf_alpha": {
        "voynich": 0.773840694761673,
        "generator_mean": 0.8034344433500078,
        "generator_std": 0.00743971693501172,
        "z_score": -3.9778057212183606
      },
      "bigram_cond_entropy": {
        "voynich": 4.848010728415584,
        "generator_mean": 3.2202656791436897,
        "generator_std": 0.01806954576932424,
        "z_score": 90.0822339449858
      },
      "trigram_cond_entropy": {
        "voynich": 0.46932156675739023,
        "generator_mean": 0.22484990279297723,
        "generator_std": 0.006235752072109814,
        "z_score": 39.20484027224933
      },
      "bigram_mutual_information": {
        "voynich": 7.410214883891365,
        "generator_mean": 8.184438180685273,
        "generator_std": 0.03847156378602446,
        "z_score": -20.124560080273092
      },
      "mean_word_length": {
        "voynich": 5.04847245557596,
        "generator_mean": 5.140902444444445,
        "generator_std": 0.013969121553900754,
        "z_score": -6.616735956648234
      },
      "line_initial_entropy": {
        "voynich": 11.822206322851297,
        "generator_mean": 10.996119788701503,
        "generator_std": 0.02710175048336874,
        "z_score": 30.480929069756247
      },
      "line_final_entropy": {
        "voynich": 11.873479786410421,
        "generator_mean": 11.040819430237109,
        "generator_std": 0.025635461921839155,
        "z_score": 32.48080173909246
      },
      "hapax_ratio": {
        "voynich": 0.5918814432989691,
        "generator_mean": 0.6597541686658658,
        "generator_std": 0.0043183652942480255,
        "z_score": -15.717226483202287
      }
    },
    "outlier_features": [
      "entropy",
      "compression_bits_per_token",
      "type_token_ratio",
      "zipf_alpha",
      "bigram_cond_entropy",
      "trigram_cond_entropy",
      "bigram_mutual_information",
      "mean_word_length",
      "line_initial_entropy",
      "line_final_entropy",
      "hapax_ratio"
    ],