{
  "provenance": {
    "run_id": "6c7b700e-f2f5-0988-1f2c-7975d8014d77",
    "git_commit": "64adc46e31723fec564fe6a3f4b214f6dfe06156",
    "timestamp": "2026-02-18T14:54:01.033330+00:00",
    "seed": 77,
    "experiment_id": "69f96763-5917-09d3-cb38-faa27c5cd6e7",
    "run_nonce": 1771426441033019000,
    "command": "run_phase10_stage5b_k_adjudication"
  },
  "results": {
    "method": "K",
    "status": "ok",
    "decision": "closure_weakened",
    "reason": "Residual outliers are correlated, trend toward language baseline, and are not closed by small generator parameter changes.",
    "config": {
      "target_tokens": 30000,
      "num_runs": 150,
      "seed": 17
    },
    "best_generator_family": "line_reset_markov",
    "candidate_scores": {
      "line_reset_markov": {
        "distance": 0.21645060389923423,
        "sample_features": {
          "entropy": 11.359987164279165,
          "compression_bits_per_token": 19.239466666666665,
          "type_token_ratio": 0.30673333333333336,
          "zipf_alpha": 0.807965634742783,
          "bigram_cond_entropy": 3.2513522361710727,
          "trigram_cond_entropy": 0.23728859330299912,
          "bigram_mutual_information": 8.10870350256859,
          "mean_word_length": 5.147366666666667,
          "line_initial_entropy": 10.95496299928357,
          "line_final_entropy": 10.987405648199037,
          "hapax_ratio": 0.6536622473375353
        }
      },
      "line_reset_backoff": {
        "distance": 0.22636930096776553,
        "sample_features": {
          "entropy": 11.396731054964897,
          "compression_bits_per_token": 19.281866666666666,
          "type_token_ratio": 0.31023333333333336,
          "zipf_alpha": 0.8049116352517036,
          "bigram_cond_entropy": 3.237032029634671,
          "trigram_cond_entropy": 0.2014127345509138,
          "bigram_mutual_information": 8.159778842234635,
          "mean_word_length": 5.125666666666667,
          "line_initial_entropy": 10.98505797291647,
          "line_final_entropy": 11.014100999524619,
          "hapax_ratio": 0.6627269796927044
        }
      },
      "line_reset_persistence": {
        "distance": 0.22186522518569962,
        "sample_features": {
          "entropy": 11.38411046161111,
          "compression_bits_per_token": 19.1936,
          "type_token_ratio": 0.30783333333333335,
          "zipf_alpha": 0.8022364996203745,
          "bigram_cond_entropy": 3.23713127569404,
          "trigram_cond_entropy": 0.21203942872354808,
          "bigram_mutual_information": 8.147057752917291,
          "mean_word_length": 5.154833333333333,
          "line_initial_entropy": 10.969216502415724,
          "line_final_entropy": 11.03715304386017,
          "hapax_ratio": 0.6580400649702219
        }
      }
    },
    "feature_stats": {
      "entropy": {
        "voynich": 12.258255993226053,
        "generator_mean": 11.402696709854059,
        "generator_std": 0.022421397082624507,
        "z_score": 38.15816116271411
      },
      "compression_bits_per_token": {
        "voynich": 15.358470415087458,
        "generator_mean": 19.319546666666668,
        "generator_std": 0.06198456773292079,
        "z_score": -63.904232883363825
      },
      "type_token_ratio": {
        "voynich": 0.1684488380069203,
        "generator_mean": 0.3110888888888889,
        "generator_std": 0.002448281836434948,
        "z_score": -58.26128706230699
      },
      "zipf_alpha": {
        "voynich": 0.773840694761673,
        "generator_mean": 0.8043497999896189,
        "generator_std": 0.0068188194893547,
        "z_score": -4.474250312033563
      },
      "bigram_cond_entropy": {
        "voynich": 4.848010728415584,
        "generator_mean": 3.221598561309699,
        "generator_std": 0.018654469703807592,
        "z_score": 87.18619145597668
      },
      "trigram_cond_entropy": {
        "voynich": 0.46932156675739023,
        "generator_mean": 0.22516655953933737,
        "generator_std": 0.006776874167575876,
        "z_score": 36.02767311015137
      },
      "bigram_mutual_information": {
        "voynich": 7.410214883891365,
        "generator_mean": 8.181071333189994,
        "generator_std": 0.04052802026951848,
        "z_score": -19.02033319595424
      },
      "mean_word_length": {
        "voynich": 5.04847245557596,
        "generator_mean": 5.144671111111111,
        "generator_std": 0.015933894767731317,
        "z_score": -6.037359787888676
      },
      "line_initial_entropy": {
        "voynich": 11.822206322851297,
        "generator_mean": 10.995574161032083,
        "generator_std": 0.023734086076700585,
        "z_score": 34.828902159864796
      },
      "line_final_entropy": {
        "voynich": 11.873479786410421,
        "generator_mean": 11.039753112851217,
        "generator_std": 0.0243066802287003,
        "z_score": 34.30031027333689
      },
      "hapax_ratio": {
        "voynich": 0.5918814432989691,
        "generator_mean": 0.6594207025501553,
        "generator_std": 0.0044684685004484845,
        "z_score": -15.114632506508107
      }
    },
    "outlier_features": [
      "entropy",
      "compression_bits_per_token",
      "type_token_ratio",
      "zipf_alpha",
      "bigram_cond_entropy",
      "trigram_cond_entropy",
      "bigram_mutual_information",
      "mean_word_length",
      "line_initial_entropy",
      "line_final_entropy",
      "hapax_ratio"
    ],