{
  "provenance": {
    "run_id": "8e8db350-fed8-a8d5-3e80-8adb5bbf9043",
    "git_commit": "d2e3f69dc337af08083c9cb805a58d424ac69a3a",
    "timestamp": "2026-02-18T05:44:47.431523+00:00",
    "seed": 42,
    "experiment_id": "701f3378-d37c-9c13-acd8-b1040a72761e",
    "run_nonce": 1771393487430893000,
    "command": "run_phase10_stage1b_jk_replication"
  },
  "results": {
    "method": "J",
    "status": "ok",
    "decision": "closure_weakened",
    "reason": "At least one extraction anomaly is strong and stable under resampling tests.",
    "config": {
      "target_tokens": 30000,
      "null_runs": 100,
      "family_counts": {
        "line_reset_backoff": 34,
        "line_reset_markov": 33,
        "line_reset_persistence": 33
      },
      "seed": 77
    },
    "voynich_rule_metrics": {
      "line_initial_tokens": {
        "description": "First token of each line",
        "token_count": 103003,
        "metrics": {
          "entropy": 11.822206322851297,
          "compression_ratio": 0.34585989950597473,
          "type_token_ratio": 0.20837257167266973,
          "bigram_mutual_information": 7.353972665720835
        }
      },
      "line_final_tokens": {
        "description": "Last token of each line",
        "token_count": 103003,
        "metrics": {
          "entropy": 11.873479786410421,
          "compression_ratio": 0.35327276733557694,
          "type_token_ratio": 0.21209090997349592,
          "bigram_mutual_information": 7.435109897044201
        }
      },
      "word_initial_glyphs": {
        "description": "First glyph proxy (first character) of each word",
        "token_count": 230337,
        "metrics": {
          "entropy": 4.346684779866537,
          "compression_ratio": 0.2935314203350316,
          "type_token_ratio": 0.000347317191766846,
          "bigram_mutual_information": 0.45877738581749583
        }
      },
      "nth_token_2": {
        "description": "Every 2nd token from stream",
        "token_count": 115168,
        "metrics": {
          "entropy": 12.085058733897569,
          "compression_ratio": 0.34673922725274475,
          "type_token_ratio": 0.21993088357877189,
          "bigram_mutual_information": 7.79786556473573
        }
      },
      "nth_token_3": {
        "description": "Every 3rd token from stream",
        "token_count": 76779,
        "metrics": {
          "entropy": 11.988866611566023,
          "compression_ratio": 0.3627012839611265,
          "type_token_ratio": 0.25579911173628206,
          "bigram_mutual_information": 8.04993306419496
        }
      },
      "nth_token_5": {
        "description": "Every 5th token from stream",
        "token_count": 46067,
        "metrics": {
          "entropy": 11.793717970346075,
          "compression_ratio": 0.3797547205138915,
          "type_token_ratio": 0.30077929971563155,
          "bigram_mutual_information": 8.275175717116324
        }
      },
      "nth_token_7": {
        "description": "Every 7th token from stream",
        "token_count": 32905,
        "metrics": {
          "entropy": 11.645413249007065,
          "compression_ratio": 0.38646313567666646,
          "type_token_ratio": 0.3307096185989971,
          "bigram_mutual_information": 8.421867236106179
        }
      },
      "slot_position_3_glyphs": {
        "description": "Third glyph proxy (third character) from each token",
        "token_count": 210234,
        "metrics": {
          "entropy": 4.629182534790045,
          "compression_ratio": 0.32516939498224595,
          "type_token_ratio": 0.00038052836363290426,
          "bigram_mutual_information": 0.37150519232542517
        }
      },
      "paragraph_initial_tokens": {
        "description": "First token of each page",
        "token_count": 223,
        "metrics": {
          "entropy": 7.470072825880773,
          "compression_ratio": 0.4965277777777778,
          "type_token_ratio": 0.8475336322869955,
          "bigram_mutual_information": 7.129781294180572
        }
      }
    },
    "null_summary": {
      "line_initial_tokens": {
        "entropy": {
          "mean": 10.992619863040044,
          "std": 0.028609794985466046,
          "z_score": 28.996588763837284,
          "p_two_sided": 0.009900990099009901,
          "n": 100
        },
        "compression_ratio": {
          "mean": 0.40510897642394006,
          "std": 0.0015311060164434895,
          "z_score": -38.69691339571071,
          "p_two_sided": 0.009900990099009901,
          "n": 100
        },
        "type_token_ratio": {
          "mean": 0.38936270159192365,
          "std": 0.004310768458238048,
          "z_score": -41.98558370106255,
          "p_two_sided": 0.009900990099009901,
          "n": 100
        },
        "bigram_mutual_information": {
          "mean": 8.31037457708373,
          "std": 0.054368346167946474,
          "z_score": -17.591153286298663,
          "p_two_sided": 0.009900990099009901,
          "n": 100
        }
      },
      "line_final_tokens": {
        "entropy": {
          "mean": 11.035285388432545,
          "std": 0.02877046334666694,
          "z_score": 29.133851195864768,
          "p_two_sided": 0.009900990099009901,
          "n": 100
        },
        "compression_ratio": {
          "mean": 0.40860322159137263,
          "std": 0.0014456856033109187,
          "z_score": -38.27281265655376,
          "p_two_sided": 0.009900990099009901,
          "n": 100
        },
        "type_token_ratio": {
          "mean": 0.3974366515730198,
          "std": 0.004266507943116022,
          "z_score": -43.442024266842814,
          "p_two_sided": 0.009900990099009901,
          "n": 100
        },
        "bigram_mutual_information": {
          "mean": 8.39279699058622,
          "std": 0.05418043658521368,
          "z_score": -17.675883656562853,
          "p_two_sided": 0.009900990099009901,
          "n": 100
        }
      },
      "word_initial_glyphs": {
        "entropy": {
          "mean": 4.184050726546405,
          "std": 0.015106736765841549,
          "z_score": 10.765664076961375,
          "p_two_sided": 0.009900990099009901,
          "n": 100
        },
        "compression_ratio": {
          "mean": 0.34967066117768636,
          "std": 0.0013247167918710593,
          "z_score": -42.378296392968984,
          "p_two_sided": 0.009900990099009901,
          "n": 100
        },
        "type_token_ratio": {
          "mean": 0.0023449999999999994,
          "std": 6.821127309893701e-05,
          "z_score": -29.286695841838565,
          "p_two_sided": 0.009900990099009901,
          "n": 100
        },
        "bigram_mutual_information": {
          "mean": 0.25760829246459277,
          "std": 0.01066010057164856,
          "z_score": 18.87121908473634,
          "p_two_sided": 0.009900990099009901,
          "n": 100
        }
      },
      "nth_token_2": {
        "entropy": {
          "mean": 11.102443386087923,
          "std": 0.029057231341835667,
          "z_score": 33.816551076389274,
          "p_two_sided": 0.009900990099009901,
          "n": 100
        },
        "compression_ratio": {
          "mean": 0.406452276544072,
          "std": 0.001393804073043401,
          "z_score": -42.841781313597785,
          "p_two_sided": 0.009900990099009901,
          "n": 100
        },
        "type_token_ratio": {
          "mean": 0.3863346666666667,
          "std": 0.0038816947043498634,
          "z_score": -42.86884872770164,
          "p_two_sided": 0.009900990099009901,
          "n": 100
        },
        "bigram_mutual_information": {
          "mean": 8.393641350390817,
          "std": 0.05511256536513934,
          "z_score": -10.810162468538197,
          "p_two_sided": 0.009900990099009901,
          "n": 100
        }
      },
      "nth_token_3": {
        "entropy": {
          "mean": 10.89512460917539,
          "std": 0.030455499092187845,
          "z_score": 35.91279194210246,