{
  "provenance": {
    "run_id": "6c7b700e-f2f5-0988-1f2c-7975d8014d77",
    "git_commit": "64adc46e31723fec564fe6a3f4b214f6dfe06156",
    "timestamp": "2026-02-18T14:54:01.033330+00:00",
    "seed": 77,
    "experiment_id": "69f96763-5917-09d3-cb38-faa27c5cd6e7",
    "run_nonce": 1771426441033019000,
    "command": "run_phase10_stage5b_k_adjudication"
  },
  "results": {
    "method": "K",
    "status": "ok",
    "decision": "closure_weakened",
    "reason": "Residual outliers are correlated, trend toward language baseline, and are not closed by small generator parameter changes.",
    "config": {
      "target_tokens": 30000,
      "num_runs": 150,
      "seed": 53
    },
    "best_generator_family": "line_reset_markov",
    "candidate_scores": {
      "line_reset_markov": {
        "distance": 0.2188775422954149,
        "sample_features": {
          "entropy": 11.405071013162205,
          "compression_bits_per_token": 19.2848,
          "type_token_ratio": 0.30956666666666666,
          "zipf_alpha": 0.7969873243349612,
          "bigram_cond_entropy": 3.218083659900767,
          "trigram_cond_entropy": 0.22630662377184407,
          "bigram_mutual_information": 8.186823671974851,
          "mean_word_length": 5.1216,
          "line_initial_entropy": 10.991248651213365,
          "line_final_entropy": 11.031783050203167,
          "hapax_ratio": 0.6512329062129859
        }
      },
      "line_reset_backoff": {
        "distance": 0.22329302845333257,
        "sample_features": {
          "entropy": 11.395221743044635,
          "compression_bits_per_token": 19.278933333333335,
          "type_token_ratio": 0.30946666666666667,
          "zipf_alpha": 0.8131562122118235,
          "bigram_cond_entropy": 3.2267693160184194,
          "trigram_cond_entropy": 0.21279108855768136,
          "bigram_mutual_information": 8.168355086308601,
          "mean_word_length": 5.1174333333333335,
          "line_initial_entropy": 10.980800690548387,
          "line_final_entropy": 11.033844599237709,
          "hapax_ratio": 0.6532744506678156
        }
      },
      "line_reset_persistence": {
        "distance": 0.22141212837414936,
        "sample_features": {
          "entropy": 11.38845765244917,
          "compression_bits_per_token": 19.2096,
          "type_token_ratio": 0.3091333333333333,
          "zipf_alpha": 0.8082130399910461,
          "bigram_cond_entropy": 3.229410194307638,
          "trigram_cond_entropy": 0.21748961987636406,
          "bigram_mutual_information": 8.15888322305773,
          "mean_word_length": 5.116666666666666,
          "line_initial_entropy": 10.973652830278974,
          "line_final_entropy": 11.0121076005102,
          "hapax_ratio": 0.6539788656458917
        }
      }
    },
    "feature_stats": {
      "entropy": {
        "voynich": 12.258255993226053,
        "generator_mean": 11.405036080501732,
        "generator_std": 0.022531069170541016,
        "z_score": 37.868594085179524
      },
      "compression_bits_per_token": {
        "voynich": 15.358470415087458,
        "generator_mean": 19.32548622222222,
        "generator_std": 0.06040574981053416,
        "z_score": -65.67281789527517
      },
      "type_token_ratio": {
        "voynich": 0.1684488380069203,
        "generator_mean": 0.3112502222222222,
        "generator_std": 0.002513365006186125,
        "z_score": -56.81681087459483
      },
      "zipf_alpha": {
        "voynich": 0.773840694761673,
        "generator_mean": 0.8045381008756423,
        "generator_std": 0.00800151518807107,
        "z_score": -3.8364491464983956
      },
      "bigram_cond_entropy": {
        "voynich": 4.848010728415584,
        "generator_mean": 3.220198931367019,
        "generator_std": 0.01897919744750022,
        "z_score": 85.76821024974198
      },
      "trigram_cond_entropy": {
        "voynich": 0.46932156675739023,
        "generator_mean": 0.2243893671074531,
        "generator_std": 0.006625877119066127,
        "z_score": 36.966003934051024
      },
      "bigram_mutual_information": {
        "voynich": 7.410214883891365,
        "generator_mean": 8.184822434743602,
        "generator_std": 0.04100264533237757,
        "z_score": -18.89164819911194
      },
      "mean_word_length": {
        "voynich": 5.04847245557596,
        "generator_mean": 5.143350222222222,
        "generator_std": 0.014566870960513355,
        "z_score": -6.51325647789756
      },
      "line_initial_entropy": {
        "voynich": 11.822206322851297,
        "generator_mean": 10.995426320936671,
        "generator_std": 0.02358332992064207,
        "z_score": 35.05781434160238
      },
      "line_final_entropy": {
        "voynich": 11.873479786410421,
        "generator_mean": 11.037758267122063,
        "generator_std": 0.024080440577358798,
        "z_score": 34.70540817571792
      },
      "hapax_ratio": {
        "voynich": 0.5918814432989691,
        "generator_mean": 0.6593608722483242,
        "generator_std": 0.0043482355259350245,
        "z_score": -15.518807237297626
      }
    },
    "outlier_features": [
      "entropy",
      "compression_bits_per_token",
      "type_token_ratio",
      "zipf_alpha",
      "bigram_cond_entropy",
      "trigram_cond_entropy",
      "bigram_mutual_information",
      "mean_word_length",
      "line_initial_entropy",
      "line_final_entropy",
      "hapax_ratio"
    ],