{
  "provenance": {
    "run_id": "6c7b700e-f2f5-0988-1f2c-7975d8014d77",
    "git_commit": "64adc46e31723fec564fe6a3f4b214f6dfe06156",
    "timestamp": "2026-02-18T14:54:01.033330+00:00",
    "seed": 77,
    "experiment_id": "69f96763-5917-09d3-cb38-faa27c5cd6e7",
    "run_nonce": 1771426441033019000,
    "command": "run_phase10_stage5b_k_adjudication"
  },
  "results": {
    "method": "K",
    "status": "ok",
    "decision": "closure_weakened",
    "reason": "Residual outliers are correlated, trend toward language baseline, and are not closed by small generator parameter changes.",
    "config": {
      "target_tokens": 30000,
      "num_runs": 150,
      "seed": 137
    },
    "best_generator_family": "line_reset_markov",
    "candidate_scores": {
      "line_reset_markov": {
        "distance": 0.2181949993704838,
        "sample_features": {
          "entropy": 11.393064138012496,
          "compression_bits_per_token": 19.241866666666667,
          "type_token_ratio": 0.3070333333333333,
          "zipf_alpha": 0.7979124289128152,
          "bigram_cond_entropy": 3.2279417860156183,
          "trigram_cond_entropy": 0.22634356212398998,
          "bigram_mutual_information": 8.165214315310363,
          "mean_word_length": 5.138066666666667,
          "line_initial_entropy": 10.973355222217284,
          "line_final_entropy": 11.009291366822078,
          "hapax_ratio": 0.6550863098469222
        }
      },
      "line_reset_backoff": {
        "distance": 0.22251296505805437,
        "sample_features": {
          "entropy": 11.374283917494465,
          "compression_bits_per_token": 19.2568,
          "type_token_ratio": 0.30946666666666667,
          "zipf_alpha": 0.8038937644921104,
          "bigram_cond_entropy": 3.248489705958997,
          "trigram_cond_entropy": 0.21298921891477818,
          "bigram_mutual_information": 8.125893729562698,
          "mean_word_length": 5.148233333333334,
          "line_initial_entropy": 11.004207229612094,
          "line_final_entropy": 11.033983606444075,
          "hapax_ratio": 0.6589831968978889
        }
      },
      "line_reset_persistence": {
        "distance": 0.22029389603287194,
        "sample_features": {
          "entropy": 11.375510182671421,
          "compression_bits_per_token": 19.201333333333334,
          "type_token_ratio": 0.3086333333333333,
          "zipf_alpha": 0.799343123678527,
          "bigram_cond_entropy": 3.2316143688548493,
          "trigram_cond_entropy": 0.2263491910185227,
          "bigram_mutual_information": 8.143996435568866,
          "mean_word_length": 5.138766666666666,
          "line_initial_entropy": 10.955407191985705,
          "line_final_entropy": 11.006626485611857,
          "hapax_ratio": 0.6637865860244087
        }
      }
    },
    "feature_stats": {
      "entropy": {
        "voynich": 12.258255993226053,
        "generator_mean": 11.405562820671875,
        "generator_std": 0.022344222624082404,
        "z_score": 38.161684427327195
      },
      "compression_bits_per_token": {
        "voynich": 15.358470415087458,
        "generator_mean": 19.330922666666666,
        "generator_std": 0.06517192127948385,
        "z_score": -60.95343168638083
      },
      "type_token_ratio": {
        "voynich": 0.1684488380069203,
        "generator_mean": 0.3112442222222222,
        "generator_std": 0.0024342509583843387,
        "z_score": -58.660913215816535
      },
      "zipf_alpha": {
        "voynich": 0.773840694761673,
        "generator_mean": 0.8040448933506119,
        "generator_std": 0.00759491442336615,
        "z_score": -3.9768978167830396
      },
      "bigram_cond_entropy": {
        "voynich": 4.848010728415584,
        "generator_mean": 3.2199742665556155,
        "generator_std": 0.018483572564313683,
        "z_score": 88.08018342748447
      },
      "trigram_cond_entropy": {
        "voynich": 0.46932156675739023,
        "generator_mean": 0.22426287278024867,
        "generator_std": 0.0067770595433539645,
        "z_score": 36.16003259370245
      },
      "bigram_mutual_information": {
        "voynich": 7.410214883891365,
        "generator_mean": 8.185583527711836,
        "generator_std": 0.0403548155173068,
        "z_score": -19.213782392040475
      },
      "mean_word_length": {
        "voynich": 5.04847245557596,
        "generator_mean": 5.143941555555555,
        "generator_std": 0.014114095889054752,
        "z_score": -6.764096030666021
      },
      "line_initial_entropy": {
        "voynich": 11.822206322851297,
        "generator_mean": 10.997470139041075,
        "generator_std": 0.02571719285674925,
        "z_score": 32.06944818605181
      },
      "line_final_entropy": {
        "voynich": 11.873479786410421,
        "generator_mean": 11.041401463009255,
        "generator_std": 0.024727510302817765,
        "z_score": 33.64990301131727
      },
      "hapax_ratio": {
        "voynich": 0.5918814432989691,
        "generator_mean": 0.6597303369334782,
        "generator_std": 0.0040641623281887675,
        "z_score": -16.694434955000084
      }
    },
    "outlier_features": [
      "entropy",
      "compression_bits_per_token",
      "type_token_ratio",
      "zipf_alpha",
      "bigram_cond_entropy",
      "trigram_cond_entropy",
      "bigram_mutual_information",
      "mean_word_length",
      "line_initial_entropy",
      "line_final_entropy",
      "hapax_ratio"
    ],