{
  "provenance": {
    "run_id": "6c7b700e-f2f5-0988-1f2c-7975d8014d77",
    "git_commit": "64adc46e31723fec564fe6a3f4b214f6dfe06156",
    "timestamp": "2026-02-18T14:54:01.033330+00:00",
    "seed": 77,
    "experiment_id": "69f96763-5917-09d3-cb38-faa27c5cd6e7",
    "run_nonce": 1771426441033019000,
    "command": "run_phase10_stage5b_k_adjudication"
  },
  "results": {
    "method": "K",
    "status": "ok",
    "decision": "closure_weakened",
    "reason": "Residual outliers are correlated, trend toward language baseline, and are not closed by small generator parameter changes.",
    "config": {
      "target_tokens": 30000,
      "num_runs": 150,
      "seed": 29
    },
    "best_generator_family": "line_reset_markov",
    "candidate_scores": {
      "line_reset_markov": {
        "distance": 0.21800720139824747,
        "sample_features": {
          "entropy": 11.391638994957505,
          "compression_bits_per_token": 19.2768,
          "type_token_ratio": 0.3076333333333333,
          "zipf_alpha": 0.8058167515162596,
          "bigram_cond_entropy": 3.2274113518849283,
          "trigram_cond_entropy": 0.22941898715601283,
          "bigram_mutual_information": 8.164130182926055,
          "mean_word_length": 5.1184666666666665,
          "line_initial_entropy": 10.963890746637881,
          "line_final_entropy": 11.026624555420826,
          "hapax_ratio": 0.6508830859248023
        }
      },
      "line_reset_backoff": {
        "distance": 0.2220284876825856,
        "sample_features": {
          "entropy": 11.382762402879782,
          "compression_bits_per_token": 19.2184,
          "type_token_ratio": 0.3077,
          "zipf_alpha": 0.8097063250253003,
          "bigram_cond_entropy": 3.2416940789251036,
          "trigram_cond_entropy": 0.2092106847353996,
          "bigram_mutual_information": 8.140903899022923,
          "mean_word_length": 5.1306,
          "line_initial_entropy": 10.938732002353204,
          "line_final_entropy": 11.017100430963408,
          "hapax_ratio": 0.650633734156646
        }
      },
      "line_reset_persistence": {
        "distance": 0.21878734802912184,
        "sample_features": {
          "entropy": 11.363839084119,
          "compression_bits_per_token": 19.157866666666667,
          "type_token_ratio": 0.3069,
          "zipf_alpha": 0.8095400451025282,
          "bigram_cond_entropy": 3.2455742188380015,
          "trigram_cond_entropy": 0.22375232599180706,
          "bigram_mutual_information": 8.118207983573292,
          "mean_word_length": 5.132,
          "line_initial_entropy": 10.94254258474135,
          "line_final_entropy": 11.003241511742743,
          "hapax_ratio": 0.6538503312696861
        }
      }
    },
    "feature_stats": {
      "entropy": {
        "voynich": 12.258255993226053,
        "generator_mean": 11.40744655382955,
        "generator_std": 0.020949157415255597,
        "z_score": 40.61306249849107
      },
      "compression_bits_per_token": {
        "voynich": 15.358470415087458,
        "generator_mean": 19.33416888888889,
        "generator_std": 0.060863200420550496,
        "z_score": -65.32187670596163
      },
      "type_token_ratio": {
        "voynich": 0.1684488380069203,
        "generator_mean": 0.31162711111111113,
        "generator_std": 0.0022773844213195833,
        "z_score": -62.86961119248772
      },
      "zipf_alpha": {
        "voynich": 0.773840694761673,
        "generator_mean": 0.8040574070348181,
        "generator_std": 0.007122679913320273,
        "z_score": -4.242323485102304
      },
      "bigram_cond_entropy": {
        "voynich": 4.848010728415584,
        "generator_mean": 3.218186213703851,
        "generator_std": 0.01789169351821589,
        "z_score": 91.09392093333012
      },
      "trigram_cond_entropy": {
        "voynich": 0.46932156675739023,
        "generator_mean": 0.22401278192434954,
        "generator_std": 0.005889591037466689,
        "z_score": 41.65124255190327
      },
      "bigram_mutual_information": {
        "voynich": 7.410214883891365,
        "generator_mean": 8.18924718379663,
        "generator_std": 0.03842582473726994,
        "z_score": -20.273665047705947
      },
      "mean_word_length": {
        "voynich": 5.04847245557596,
        "generator_mean": 5.142469111111111,
        "generator_std": 0.014324296425959839,
        "z_score": -6.562043449813058
      },
      "line_initial_entropy": {
        "voynich": 11.822206322851297,
        "generator_mean": 10.999508891940762,
        "generator_std": 0.024863774495033818,
        "z_score": 33.088195481939294
      },
      "line_final_entropy": {
        "voynich": 11.873479786410421,
        "generator_mean": 11.039684478936046,
        "generator_std": 0.02489789468133261,
        "z_score": 33.488586812101815
      },
      "hapax_ratio": {
        "voynich": 0.5918814432989691,
        "generator_mean": 0.6597960077213391,
        "generator_std": 0.004176523927246509,
        "z_score": -16.26102606028755
      }
    },
    "outlier_features": [
      "entropy",
      "compression_bits_per_token",
      "type_token_ratio",
      "zipf_alpha",
      "bigram_cond_entropy",
      "trigram_cond_entropy",
      "bigram_mutual_information",
      "mean_word_length",
      "line_initial_entropy",
      "line_final_entropy",
      "hapax_ratio"
    ],