{
  "provenance": {
    "run_id": "573ea975-a6d6-dbab-628f-9ee36f1887fe",
    "git_commit": "d2e3f69dc337af08083c9cb805a58d424ac69a3a",
    "timestamp": "2026-02-18T05:17:49.784744+00:00",
    "seed": 42,
    "experiment_id": "701f3378-d37c-9c13-acd8-b1040a72761e",
    "run_nonce": 1771391869784682000,
    "command": "run_phase10_stage1_hjk"
  },
  "results": {
    "method": "K",
    "status": "ok",
    "decision": "closure_weakened",
    "reason": "Residual outliers are correlated, trend toward language baseline, and are not closed by small generator parameter changes.",
    "config": {
      "target_tokens": 10000,
      "num_runs": 30,
      "seed": 42
    },
    "best_generator_family": "line_reset_backoff",
    "candidate_scores": {
      "line_reset_markov": {
        "distance": 0.36640421550732805,
        "sample_features": {
          "entropy": 10.906885004616841,
          "compression_bits_per_token": 19.9664,
          "type_token_ratio": 0.4354,
          "zipf_alpha": 0.7863337969959956,
          "bigram_cond_entropy": 2.292351584784548,
          "trigram_cond_entropy": 0.08373175820453227,
          "bigram_mutual_information": 8.614565248933001,
          "mean_word_length": 5.1155,
          "line_initial_entropy": 10.336298087078996,
          "line_final_entropy": 10.366491454663999,
          "hapax_ratio": 0.7351860358291227
        }
      },
      "line_reset_backoff": {
        "distance": 0.3568478311042841,
        "sample_features": {
          "entropy": 10.836127198890356,
          "compression_bits_per_token": 19.6472,
          "type_token_ratio": 0.4268,
          "zipf_alpha": 0.794525375954492,
          "bigram_cond_entropy": 2.346296710246257,
          "trigram_cond_entropy": 0.09047730075266536,
          "bigram_mutual_information": 8.489802029037776,
          "mean_word_length": 5.1209,
          "line_initial_entropy": 10.336580478093058,
          "line_final_entropy": 10.34918631923927,
          "hapax_ratio": 0.729381443298969
        }
      },
      "line_reset_persistence": {
        "distance": 0.35890727722225013,
        "sample_features": {
          "entropy": 10.845544606999391,
          "compression_bits_per_token": 19.6816,
          "type_token_ratio": 0.4276,
          "zipf_alpha": 0.797090217439972,
          "bigram_cond_entropy": 2.3445497897887755,
          "trigram_cond_entropy": 0.0872698917179644,
          "bigram_mutual_information": 8.50105927709091,
          "mean_word_length": 5.1127,
          "line_initial_entropy": 10.342126815879286,
          "line_final_entropy": 10.413543685791886,
          "hapax_ratio": 0.7364359214218896
        }
      }
    },
    "feature_stats": {
      "entropy": {
        "voynich": 12.258255993226053,
        "generator_mean": 10.887474283013647,
        "generator_std": 0.037258500976253876,
        "z_score": 36.791112747290924
      },
      "compression_bits_per_token": {
        "voynich": 15.358470415087458,
        "generator_mean": 19.87789333333333,
        "generator_std": 0.08679796823018875,
        "z_score": -52.068303099680094
      },
      "type_token_ratio": {
        "voynich": 0.1684488380069203,
        "generator_mean": 0.43291999999999997,
        "generator_std": 0.005080446174632039,
        "z_score": -52.05668024073388
      },
      "zipf_alpha": {
        "voynich": 0.773840694761673,
        "generator_mean": 0.7881235004045287,
        "generator_std": 0.010814764693179381,
        "z_score": -1.3206765055058016
      },
      "bigram_cond_entropy": {
        "voynich": 4.848010728415584,
        "generator_mean": 2.3048828827853267,
        "generator_std": 0.03512383251377429,
        "z_score": 72.40462283359697
      },
      "trigram_cond_entropy": {
        "voynich": 0.46932156675739023,
        "generator_mean": 0.08230799599507979,
        "generator_std": 0.005080722982841768,
        "z_score": 76.17293288165942
      },
      "bigram_mutual_information": {
        "voynich": 7.410214883891365,
        "generator_mean": 8.582454149714376,
        "generator_std": 0.07216767366191612,
        "z_score": -16.243273564762525
      },
      "mean_word_length": {
        "voynich": 5.04847245557596,
        "generator_mean": 5.143350000000001,
        "generator_std": 0.023004792978855514,
        "z_score": -4.124251172842354
      },
      "line_initial_entropy": {
        "voynich": 11.822206322851297,
        "generator_mean": 10.36165226576829,
        "generator_std": 0.03756533766673571,
        "z_score": 38.88036545925513
      },
      "line_final_entropy": {
        "voynich": 11.873479786410421,
        "generator_mean": 10.389125934025568,
        "generator_std": 0.03978851612855153,
        "z_score": 37.30608720338045
      },
      "hapax_ratio": {
        "voynich": 0.5918814432989691,
        "generator_mean": 0.7314842929205209,
        "generator_std": 0.007139578546726461,
        "z_score": -19.553374013310705
      }
    },
    "outlier_features": [
      "entropy",
      "compression_bits_per_token",
      "type_token_ratio",
      "bigram_cond_entropy",
      "trigram_cond_entropy",
      "bigram_mutual_information",
      "mean_word_length",
      "line_initial_entropy",
      "line_final_entropy",
      "hapax_ratio"
    ],