{
  "provenance": {
    "run_id": "8e8db350-fed8-a8d5-3e80-8adb5bbf9043",
    "git_commit": "d2e3f69dc337af08083c9cb805a58d424ac69a3a",
    "timestamp": "2026-02-18T05:44:47.431523+00:00",
    "seed": 42,
    "experiment_id": "701f3378-d37c-9c13-acd8-b1040a72761e",
    "run_nonce": 1771393487430893000,
    "command": "run_phase10_stage1b_jk_replication"
  },
  "results": {
    "method": "K",
    "status": "ok",
    "decision": "closure_weakened",
    "reason": "Residual outliers are correlated, trend toward language baseline, and are not closed by small generator parameter changes.",
    "config": {
      "target_tokens": 30000,
      "num_runs": 100,
      "seed": 77
    },
    "best_generator_family": "line_reset_markov",
    "candidate_scores": {
      "line_reset_markov": {
        "distance": 0.2229316339129798,
        "sample_features": {
          "entropy": 11.394505330140309,
          "compression_bits_per_token": 19.3168,
          "type_token_ratio": 0.3117666666666667,
          "zipf_alpha": 0.8021701711547594,
          "bigram_cond_entropy": 3.233629910426137,
          "trigram_cond_entropy": 0.2238405061251374,
          "bigram_mutual_information": 8.16077805511525,
          "mean_word_length": 5.139433333333334,
          "line_initial_entropy": 10.963573732150598,
          "line_final_entropy": 11.012957692954934,
          "hapax_ratio": 0.6606436437506682
        }
      },
      "line_reset_backoff": {
        "distance": 0.22998502594636347,
        "sample_features": {
          "entropy": 11.421089802484955,
          "compression_bits_per_token": 19.373066666666666,
          "type_token_ratio": 0.31266666666666665,
          "zipf_alpha": 0.7973987979558381,
          "bigram_cond_entropy": 3.2167277987826264,
          "trigram_cond_entropy": 0.19701209073698323,
          "bigram_mutual_information": 8.204265525281992,
          "mean_word_length": 5.157633333333333,
          "line_initial_entropy": 10.98203349091926,
          "line_final_entropy": 11.0125093721044,
          "hapax_ratio": 0.6655650319829425
        }
      },
      "line_reset_persistence": {
        "distance": 0.2238268778881377,
        "sample_features": {
          "entropy": 11.411515332893583,
          "compression_bits_per_token": 19.262666666666668,
          "type_token_ratio": 0.31143333333333334,
          "zipf_alpha": 0.8083541378238406,
          "bigram_cond_entropy": 3.202458705420323,
          "trigram_cond_entropy": 0.22071590622549486,
          "bigram_mutual_information": 8.208959829893407,
          "mean_word_length": 5.135133333333333,
          "line_initial_entropy": 10.991358498288054,
          "line_final_entropy": 11.040558860194093,
          "hapax_ratio": 0.6574975917799422
        }
      }
    },
    "feature_stats": {
      "entropy": {
        "voynich": 12.258255993226053,
        "generator_mean": 11.405864865866036,
        "generator_std": 0.01981217699739135,
        "z_score": 43.023597430623106
      },
      "compression_bits_per_token": {
        "voynich": 15.358470415087458,
        "generator_mean": 19.321293333333333,
        "generator_std": 0.0678832291512418,
        "z_score": -58.377053770038316
      },
      "type_token_ratio": {
        "voynich": 0.1684488380069203,
        "generator_mean": 0.311099,
        "generator_std": 0.002072011663416337,
        "z_score": -68.84621573890074
      },
      "zipf_alpha": {
        "voynich": 0.773840694761673,
        "generator_mean": 0.8039385790551812,
        "generator_std": 0.0078094657306311275,
        "z_score": -3.8540260411739773
      },
      "bigram_cond_entropy": {
        "voynich": 4.848010728415584,
        "generator_mean": 3.2188415390451586,
        "generator_std": 0.01604888687743974,
        "z_score": 101.51290876506727
      },
      "trigram_cond_entropy": {
        "voynich": 0.46932156675739023,
        "generator_mean": 0.22488757940025902,
        "generator_std": 0.0060677229133247156,
        "z_score": 40.284302834652244
      },
      "bigram_mutual_information": {
        "voynich": 7.410214883891365,
        "generator_mean": 8.18700268263239,
        "generator_std": 0.035398801108669886,
        "z_score": -21.943901330341184
      },
      "mean_word_length": {
        "voynich": 5.04847245557596,
        "generator_mean": 5.141719333333333,
        "generator_std": 0.014190799977450185,
        "z_score": -6.570938770579934
      },
      "line_initial_entropy": {
        "voynich": 11.822206322851297,
        "generator_mean": 10.998483624653442,
        "generator_std": 0.024927730769968244,
        "z_score": 33.0444317535007
      },
      "line_final_entropy": {
        "voynich": 11.873479786410421,
        "generator_mean": 11.039357914818229,
        "generator_std": 0.02686260970714495,
        "z_score": 31.051408656335095
      },
      "hapax_ratio": {
        "voynich": 0.5918814432989691,
        "generator_mean": 0.6587700145426377,
        "generator_std": 0.00407297945508108,
        "z_score": -16.422516239364903
      }
    },
    "outlier_features": [
      "entropy",
      "compression_bits_per_token",
      "type_token_ratio",
      "zipf_alpha",
      "bigram_cond_entropy",
      "trigram_cond_entropy",
      "bigram_mutual_information",
      "mean_word_length",
      "line_initial_entropy",
      "line_final_entropy",
      "hapax_ratio"
    ],