{
  "provenance": {
    "run_id": "38227632-c8bb-a8b6-916f-0a791e92b69c",
    "git_commit": "855424899760d02d73e8c89edbc890797c14d101",
    "timestamp": "2026-02-21T01:49:02.929357+00:00",
    "seed": 42,
    "experiment_id": "701f3378-d37c-9c13-acd8-b1040a72761e",
    "run_nonce": 1771638542929057000,
    "command": "run_phase10_stage1_hjk"
  },
  "results": {
    "method": "J",
    "status": "ok",
    "decision": "closure_weakened",
    "reason": "At least one extraction anomaly is strong and stable under resampling tests.",
    "config": {
      "target_tokens": 120000,
      "null_runs": 100,
      "family_counts": {
        "line_reset_backoff": 34,
        "line_reset_markov": 33,
        "line_reset_persistence": 33
      },
      "seed": 42
    },
    "voynich_rule_metrics": {
      "line_initial_tokens": {
        "description": "First token of each line",
        "token_count": 103003,
        "metrics": {
          "entropy": 11.822206322851297,
          "compression_ratio": 0.34585989950597473,
          "type_token_ratio": 0.20837257167266973,
          "bigram_mutual_information": 7.353972665720835
        }
      },
      "line_final_tokens": {
        "description": "Last token of each line",
        "token_count": 103003,
        "metrics": {
          "entropy": 11.873479786410421,
          "compression_ratio": 0.35327276733557694,
          "type_token_ratio": 0.21209090997349592,
          "bigram_mutual_information": 7.435109897044201
        }
      },
      "word_initial_glyphs": {
        "description": "First glyph proxy (first character) of each word",
        "token_count": 230337,
        "metrics": {
          "entropy": 4.346684779866537,
          "compression_ratio": 0.2935314203350316,
          "type_token_ratio": 0.000347317191766846,
          "bigram_mutual_information": 0.45877738581749583
        }
      },
      "nth_token_2": {
        "description": "Every 2nd token from stream",
        "token_count": 115168,
        "metrics": {
          "entropy": 12.085058733897569,
          "compression_ratio": 0.34673922725274475,
          "type_token_ratio": 0.21993088357877189,
          "bigram_mutual_information": 7.79786556473573
        }
      },
      "nth_token_3": {
        "description": "Every 3rd token from stream",
        "token_count": 76779,
        "metrics": {
          "entropy": 11.988866611566023,
          "compression_ratio": 0.3627012839611265,
          "type_token_ratio": 0.25579911173628206,
          "bigram_mutual_information": 8.04993306419496
        }
      },
      "nth_token_5": {
        "description": "Every 5th token from stream",
        "token_count": 46067,
        "metrics": {
          "entropy": 11.793717970346075,
          "compression_ratio": 0.3797547205138915,
          "type_token_ratio": 0.30077929971563155,
          "bigram_mutual_information": 8.275175717116324
        }
      },
      "nth_token_7": {
        "description": "Every 7th token from stream",
        "token_count": 32905,
        "metrics": {
          "entropy": 11.645413249007065,
          "compression_ratio": 0.38646313567666646,
          "type_token_ratio": 0.3307096185989971,
          "bigram_mutual_information": 8.421867236106179
        }
      },
      "slot_position_3_glyphs": {
        "description": "Third glyph proxy (third character) from each token",
        "token_count": 210234,
        "metrics": {
          "entropy": 4.629182534790045,
          "compression_ratio": 0.32516939498224595,
          "type_token_ratio": 0.00038052836363290426,
          "bigram_mutual_information": 0.37150519232542517
        }
      },
      "paragraph_initial_tokens": {
        "description": "First token of each page",
        "token_count": 223,
        "metrics": {
          "entropy": 7.470072825880773,
          "compression_ratio": 0.4965277777777778,
          "type_token_ratio": 0.8475336322869955,
          "bigram_mutual_information": 7.129781294180572
        }
      }
    },
    "null_summary": {
      "line_initial_tokens": {
        "entropy": {
          "mean": 11.50367041079881,
          "std": 0.020830500682244325,
          "z_score": 15.291802962950566,
          "p_two_sided": 0.009900990099009901,
          "n": 100
        },
        "compression_ratio": {
          "mean": 0.395005158114252,
          "std": 0.0010926651626034754,
          "z_score": -44.97741878324342,
          "p_two_sided": 0.009900990099009901,
          "n": 100
        },
        "type_token_ratio": {
          "mean": 0.22746238262695365,
          "std": 0.0018952242213899793,
          "z_score": -10.072587052672441,
          "p_two_sided": 0.009900990099009901,
          "n": 100
        },
        "bigram_mutual_information": {
          "mean": 7.4221869634122095,
          "std": 0.030287463101166506,
          "z_score": -2.2522288335449145,
          "p_two_sided": 0.039603960396039604,
          "n": 100
        }
      },
      "line_final_tokens": {
        "entropy": {
          "mean": 11.576140434351489,
          "std": 0.01946689308201882,
          "z_score": 15.274104131880122,
          "p_two_sided": 0.009900990099009901,
          "n": 100
        },
        "compression_ratio": {
          "mean": 0.3986920929016135,
          "std": 0.0009741443636077124,
          "z_score": -46.6248404885571,
          "p_two_sided": 0.009900990099009901,
          "n": 100
        },
        "type_token_ratio": {
          "mean": 0.24259202092582222,
          "std": 0.002058906507810518,
          "z_score": -14.81422825010242,
          "p_two_sided": 0.009900990099009901,
          "n": 100
        },
        "bigram_mutual_information": {
          "mean": 7.559642778068085,
          "std": 0.028506253073533255,
          "z_score": -4.368616271757811,
          "p_two_sided": 0.009900990099009901,
          "n": 100
        }
      },
      "word_initial_glyphs": {
        "entropy": {
          "mean": 4.185124863896281,
          "std": 0.00893128081762507,
          "z_score": 18.089221385966585,
          "p_two_sided": 0.009900990099009901,
          "n": 100
        },
        "compression_ratio": {
          "mean": 0.34019716748819784,
          "std": 0.0008411537135160915,
          "z_score": -55.4782632511953,
          "p_two_sided": 0.009900990099009901,
          "n": 100
        },
        "type_token_ratio": {
          "mean": 0.0006376666666666665,
          "std": 1.0033277962194948e-05,
          "z_score": -28.938645574641455,
          "p_two_sided": 0.009900990099009901,
          "n": 100
        },
        "bigram_mutual_information": {
          "mean": 0.22191979423965247,
          "std": 0.008818574188383553,
          "z_score": 26.858944146532085,
          "p_two_sided": 0.009900990099009901,
          "n": 100
        }
      },
      "nth_token_2": {
        "entropy": {
          "mean": 11.632671191797135,
          "std": 0.016808907873308722,
          "z_score": 26.9135594953668,
          "p_two_sided": 0.009900990099009901,
          "n": 100
        },
        "compression_ratio": {
          "mean": 0.3977348417772276,
          "std": 0.0009711688271559814,
          "z_score": -52.50952573696268,
          "p_two_sided": 0.009900990099009901,
          "n": 100
        },
        "type_token_ratio": {
          "mean": 0.23920499999999997,
          "std": 0.00160072119162999,
          "z_score": -12.040895392658324,
          "p_two_sided": 0.009900990099009901,
          "n": 100
        },
        "bigram_mutual_information": {
          "mean": 7.589117096170687,
          "std": 0.032036047674342295,
          "z_score": 6.516049379344306,
          "p_two_sided": 0.009900990099009901,
          "n": 100
        }
      },
      "nth_token_3": {
        "entropy": {
          "mean": 11.505446039619105,
          "std": 0.01854995503014851,
          "z_score": 26.060471368325842,
          "p_two_sided": 0.009900990099009901,