{
  "provenance": {
    "run_id": "5f85586d-01fc-30c0-61f8-0f34e003c82a",
    "git_commit": "b7dddfcb61e37d15c277893a59ee80cecd443bce",
    "timestamp": "2026-02-18T13:31:54.179921+00:00",
    "seed": 42,
    "experiment_id": "701f3378-d37c-9c13-acd8-b1040a72761e",
    "run_nonce": 1771421514179260000,
    "command": "run_phase10_stage5_high_roi"
  },
  "results": {
    "method": "J",
    "status": "ok",
    "decision": "closure_weakened",
    "reason": "At least one extraction anomaly is strong and stable under resampling tests.",
    "config": {
      "target_tokens": 30000,
      "null_runs": 150,
      "family_counts": {
        "line_reset_backoff": 50,
        "line_reset_markov": 50,
        "line_reset_persistence": 50
      },
      "seed": 42
    },
    "voynich_rule_metrics": {
      "line_initial_tokens": {
        "description": "First token of each line",
        "token_count": 103003,
        "metrics": {
          "entropy": 11.822206322851297,
          "compression_ratio": 0.34585989950597473,
          "type_token_ratio": 0.20837257167266973,
          "bigram_mutual_information": 7.353972665720835
        }
      },
      "line_final_tokens": {
        "description": "Last token of each line",
        "token_count": 103003,
        "metrics": {
          "entropy": 11.873479786410421,
          "compression_ratio": 0.35327276733557694,
          "type_token_ratio": 0.21209090997349592,
          "bigram_mutual_information": 7.435109897044201
        }
      },
      "word_initial_glyphs": {
        "description": "First glyph proxy (first character) of each word",
        "token_count": 230337,
        "metrics": {
          "entropy": 4.346684779866537,
          "compression_ratio": 0.2935314203350316,
          "type_token_ratio": 0.000347317191766846,
          "bigram_mutual_information": 0.45877738581749583
        }
      },
      "nth_token_2": {
        "description": "Every 2nd token from stream",
        "token_count": 115168,
        "metrics": {
          "entropy": 12.085058733897569,
          "compression_ratio": 0.34673922725274475,
          "type_token_ratio": 0.21993088357877189,
          "bigram_mutual_information": 7.79786556473573
        }
      },
      "nth_token_3": {
        "description": "Every 3rd token from stream",
        "token_count": 76779,
        "metrics": {
          "entropy": 11.988866611566023,
          "compression_ratio": 0.3627012839611265,
          "type_token_ratio": 0.25579911173628206,
          "bigram_mutual_information": 8.04993306419496
        }
      },
      "nth_token_5": {
        "description": "Every 5th token from stream",
        "token_count": 46067,
        "metrics": {
          "entropy": 11.793717970346075,
          "compression_ratio": 0.3797547205138915,
          "type_token_ratio": 0.30077929971563155,
          "bigram_mutual_information": 8.275175717116324
        }
      },
      "nth_token_7": {
        "description": "Every 7th token from stream",
        "token_count": 32905,
        "metrics": {
          "entropy": 11.645413249007065,
          "compression_ratio": 0.38646313567666646,
          "type_token_ratio": 0.3307096185989971,
          "bigram_mutual_information": 8.421867236106179
        }
      },
      "slot_position_3_glyphs": {
        "description": "Third glyph proxy (third character) from each token",
        "token_count": 210234,
        "metrics": {
          "entropy": 4.629182534790045,
          "compression_ratio": 0.32516939498224595,
          "type_token_ratio": 0.00038052836363290426,
          "bigram_mutual_information": 0.37150519232542517
        }
      },
      "paragraph_initial_tokens": {
        "description": "First token of each page",
        "token_count": 223,
        "metrics": {
          "entropy": 7.470072825880773,
          "compression_ratio": 0.4965277777777778,
          "type_token_ratio": 0.8475336322869955,
          "bigram_mutual_information": 7.129781294180572
        }
      }
    },
    "null_summary": {
      "line_initial_tokens": {
        "entropy": {
          "mean": 10.986480743821154,
          "std": 0.029639351630826462,
          "z_score": 28.196486530459225,
          "p_two_sided": 0.006622516556291391,
          "n": 150
        },
        "compression_ratio": {
          "mean": 0.404921763124437,
          "std": 0.0015331286443601448,
          "z_score": -38.523749351191526,
          "p_two_sided": 0.006622516556291391,
          "n": 150
        },
        "type_token_ratio": {
          "mean": 0.389374939662564,
          "std": 0.003990516362510333,
          "z_score": -45.358132017789856,
          "p_two_sided": 0.006622516556291391,
          "n": 150
        },
        "bigram_mutual_information": {
          "mean": 8.299242768304103,
          "std": 0.05529680577315416,
          "z_score": -17.094479316962346,
          "p_two_sided": 0.006622516556291391,
          "n": 150
        }
      },
      "line_final_tokens": {
        "entropy": {
          "mean": 11.033478125940697,
          "std": 0.02666206583692983,
          "z_score": 31.505497946308104,
          "p_two_sided": 0.006622516556291391,
          "n": 150
        },
        "compression_ratio": {
          "mean": 0.4085718626676812,
          "std": 0.0014151884775589082,
          "z_score": -39.075427908719945,
          "p_two_sided": 0.006622516556291391,
          "n": 150
        },
        "type_token_ratio": {
          "mean": 0.39809215177701324,
          "std": 0.004059805264267272,
          "z_score": -45.815311251656176,
          "p_two_sided": 0.006622516556291391,
          "n": 150
        },
        "bigram_mutual_information": {
          "mean": 8.39053492164936,
          "std": 0.04997813333303433,
          "z_score": -19.116860932732077,
          "p_two_sided": 0.006622516556291391,
          "n": 150
        }
      },
      "word_initial_glyphs": {
        "entropy": {
          "mean": 4.182425135974351,
          "std": 0.015537702771685626,
          "z_score": 10.571681432310362,
          "p_two_sided": 0.006622516556291391,
          "n": 150
        },
        "compression_ratio": {
          "mean": 0.3495502702822824,
          "std": 0.0012445847254327546,
          "z_score": -45.010073482761484,
          "p_two_sided": 0.006622516556291391,
          "n": 150
        },
        "type_token_ratio": {
          "mean": 0.0023413333333333333,
          "std": 6.773368328868469e-05,
          "z_score": -29.43906258674699,
          "p_two_sided": 0.006622516556291391,
          "n": 150
        },
        "bigram_mutual_information": {
          "mean": 0.2576589969475172,
          "std": 0.012450557529396115,
          "z_score": 16.153364087923972,
          "p_two_sided": 0.006622516556291391,
          "n": 150
        }
      },
      "nth_token_2": {
        "entropy": {
          "mean": 11.096961265118978,
          "std": 0.026518713295870917,
          "z_score": 37.26038506296767,
          "p_two_sided": 0.006622516556291391,
          "n": 150
        },
        "compression_ratio": {
          "mean": 0.4063361732818237,
          "std": 0.0013357628552045583,
          "z_score": -44.616412110031526,
          "p_two_sided": 0.006622516556291391,
          "n": 150
        },
        "type_token_ratio": {
          "mean": 0.3856511111111111,
          "std": 0.003352994607735923,
          "z_score": -49.42454340665946,
          "p_two_sided": 0.006622516556291391,
          "n": 150
        },
        "bigram_mutual_information": {
          "mean": 8.38305559930056,
          "std": 0.05117359302097467,
          "z_score": -11.43539079472056,
          "p_two_sided": 0.006622516556291391,
          "n": 150
        }
      },
      "nth_token_3": {
        "entropy": {
          "mean": 10.888303623569922,
          "std": 0.02845186852032745,
          "z_score": 38.681571553369274,