{
  "provenance": {
    "run_id": "8e8db350-fed8-a8d5-3e80-8adb5bbf9043",
    "git_commit": "d2e3f69dc337af08083c9cb805a58d424ac69a3a",
    "timestamp": "2026-02-18T05:44:47.431523+00:00",
    "seed": 42,
    "experiment_id": "701f3378-d37c-9c13-acd8-b1040a72761e",
    "run_nonce": 1771393487430893000,
    "command": "run_phase10_stage1b_jk_replication"
  },
  "results": {
    "method": "J",
    "status": "ok",
    "decision": "closure_weakened",
    "reason": "At least one extraction anomaly is strong and stable under resampling tests.",
    "config": {
      "target_tokens": 30000,
      "null_runs": 100,
      "family_counts": {
        "line_reset_backoff": 34,
        "line_reset_markov": 33,
        "line_reset_persistence": 33
      },
      "seed": 42
    },
    "voynich_rule_metrics": {
      "line_initial_tokens": {
        "description": "First token of each line",
        "token_count": 103003,
        "metrics": {
          "entropy": 11.822206322851297,
          "compression_ratio": 0.34585989950597473,
          "type_token_ratio": 0.20837257167266973,
          "bigram_mutual_information": 7.353972665720835
        }
      },
      "line_final_tokens": {
        "description": "Last token of each line",
        "token_count": 103003,
        "metrics": {
          "entropy": 11.873479786410421,
          "compression_ratio": 0.35327276733557694,
          "type_token_ratio": 0.21209090997349592,
          "bigram_mutual_information": 7.435109897044201
        }
      },
      "word_initial_glyphs": {
        "description": "First glyph proxy (first character) of each word",
        "token_count": 230337,
        "metrics": {
          "entropy": 4.346684779866537,
          "compression_ratio": 0.2935314203350316,
          "type_token_ratio": 0.000347317191766846,
          "bigram_mutual_information": 0.45877738581749583
        }
      },
      "nth_token_2": {
        "description": "Every 2nd token from stream",
        "token_count": 115168,
        "metrics": {
          "entropy": 12.085058733897569,
          "compression_ratio": 0.34673922725274475,
          "type_token_ratio": 0.21993088357877189,
          "bigram_mutual_information": 7.79786556473573
        }
      },
      "nth_token_3": {
        "description": "Every 3rd token from stream",
        "token_count": 76779,
        "metrics": {
          "entropy": 11.988866611566023,
          "compression_ratio": 0.3627012839611265,
          "type_token_ratio": 0.25579911173628206,
          "bigram_mutual_information": 8.04993306419496
        }
      },
      "nth_token_5": {
        "description": "Every 5th token from stream",
        "token_count": 46067,
        "metrics": {
          "entropy": 11.793717970346075,
          "compression_ratio": 0.3797547205138915,
          "type_token_ratio": 0.30077929971563155,
          "bigram_mutual_information": 8.275175717116324
        }
      },
      "nth_token_7": {
        "description": "Every 7th token from stream",
        "token_count": 32905,
        "metrics": {
          "entropy": 11.645413249007065,
          "compression_ratio": 0.38646313567666646,
          "type_token_ratio": 0.3307096185989971,
          "bigram_mutual_information": 8.421867236106179
        }
      },
      "slot_position_3_glyphs": {
        "description": "Third glyph proxy (third character) from each token",
        "token_count": 210234,
        "metrics": {
          "entropy": 4.629182534790045,
          "compression_ratio": 0.32516939498224595,
          "type_token_ratio": 0.00038052836363290426,
          "bigram_mutual_information": 0.37150519232542517
        }
      },
      "paragraph_initial_tokens": {
        "description": "First token of each page",
        "token_count": 223,
        "metrics": {
          "entropy": 7.470072825880773,
          "compression_ratio": 0.4965277777777778,
          "type_token_ratio": 0.8475336322869955,
          "bigram_mutual_information": 7.129781294180572
        }
      }
    },
    "null_summary": {
      "line_initial_tokens": {
        "entropy": {
          "mean": 10.986879858923892,
          "std": 0.029015986529874544,
          "z_score": 28.788490891645615,
          "p_two_sided": 0.009900990099009901,
          "n": 100
        },
        "compression_ratio": {
          "mean": 0.40498060354450227,
          "std": 0.0014681105941762532,
          "z_score": -40.269925353750175,
          "p_two_sided": 0.009900990099009901,
          "n": 100
        },
        "type_token_ratio": {
          "mean": 0.38919666823646537,
          "std": 0.004139397063129171,
          "z_score": -43.68367996741582,
          "p_two_sided": 0.009900990099009901,
          "n": 100
        },
        "bigram_mutual_information": {
          "mean": 8.298229144660239,
          "std": 0.05504472880529203,
          "z_score": -17.15434882565218,
          "p_two_sided": 0.009900990099009901,
          "n": 100
        }
      },
      "line_final_tokens": {
        "entropy": {
          "mean": 11.033086476482968,
          "std": 0.02606320805811693,
          "z_score": 32.24443084878523,
          "p_two_sided": 0.009900990099009901,
          "n": 100
        },
        "compression_ratio": {
          "mean": 0.4085182831877955,
          "std": 0.0013846019359984826,
          "z_score": -39.899926770201404,
          "p_two_sided": 0.009900990099009901,
          "n": 100
        },
        "type_token_ratio": {
          "mean": 0.3978950070295669,
          "std": 0.004214450336577716,
          "z_score": -44.08738559414383,
          "p_two_sided": 0.009900990099009901,
          "n": 100
        },
        "bigram_mutual_information": {
          "mean": 8.3880148261387,
          "std": 0.050517939826120205,
          "z_score": -18.862703672682265,
          "p_two_sided": 0.009900990099009901,
          "n": 100
        }
      },
      "word_initial_glyphs": {
        "entropy": {
          "mean": 4.181178344994928,
          "std": 0.01596286895923721,
          "z_score": 10.368213589565062,
          "p_two_sided": 0.009900990099009901,
          "n": 100
        },
        "compression_ratio": {
          "mean": 0.3495544925748762,
          "std": 0.0012472057948692814,
          "z_score": -44.91886781661107,
          "p_two_sided": 0.009900990099009901,
          "n": 100
        },
        "type_token_ratio": {
          "mean": 0.0023426666666666665,
          "std": 6.567258856546529e-05,
          "z_score": -30.383292610900657,
          "p_two_sided": 0.009900990099009901,
          "n": 100
        },
        "bigram_mutual_information": {
          "mean": 0.256634495643033,
          "std": 0.01245030046563429,
          "z_score": 16.235984885057512,
          "p_two_sided": 0.009900990099009901,
          "n": 100
        }
      },
      "nth_token_2": {
        "entropy": {
          "mean": 11.096071830262712,
          "std": 0.02838513720544475,
          "z_score": 34.8417165108912,
          "p_two_sided": 0.009900990099009901,
          "n": 100
        },
        "compression_ratio": {
          "mean": 0.4062130055482686,
          "std": 0.0014138142592199194,
          "z_score": -42.06618932273245,
          "p_two_sided": 0.009900990099009901,
          "n": 100
        },
        "type_token_ratio": {
          "mean": 0.38542866666666664,
          "std": 0.0035165924794702433,
          "z_score": -47.06197378685919,
          "p_two_sided": 0.009900990099009901,
          "n": 100
        },
        "bigram_mutual_information": {
          "mean": 8.38117911047949,
          "std": 0.05505057189755605,
          "z_score": -10.595957964419547,
          "p_two_sided": 0.009900990099009901,
          "n": 100
        }
      },
      "nth_token_3": {
        "entropy": {
          "mean": 10.885422060906086,
          "std": 0.029580653009981767,
          "z_score": 37.302913843301155,