{
  "provenance": {
    "run_id": "5f85586d-01fc-30c0-61f8-0f34e003c82a",
    "git_commit": "b7dddfcb61e37d15c277893a59ee80cecd443bce",
    "timestamp": "2026-02-18T13:31:54.179921+00:00",
    "seed": 42,
    "experiment_id": "701f3378-d37c-9c13-acd8-b1040a72761e",
    "run_nonce": 1771421514179260000,
    "command": "run_phase10_stage5_high_roi"
  },
  "results": {
    "method": "K",
    "status": "ok",
    "decision": "indeterminate",
    "reason": "Residual gaps exist but do not form a decisive correlated-language trend.",
    "config": {
      "target_tokens": 30000,
      "num_runs": 150,
      "seed": 77
    },
    "best_generator_family": "line_reset_markov",
    "candidate_scores": {
      "line_reset_markov": {
        "distance": 0.2229316339129798,
        "sample_features": {
          "entropy": 11.394505330140309,
          "compression_bits_per_token": 19.3168,
          "type_token_ratio": 0.3117666666666667,
          "zipf_alpha": 0.8021701711547594,
          "bigram_cond_entropy": 3.233629910426137,
          "trigram_cond_entropy": 0.2238405061251374,
          "bigram_mutual_information": 8.16077805511525,
          "mean_word_length": 5.139433333333334,
          "line_initial_entropy": 10.963573732150598,
          "line_final_entropy": 11.012957692954934,
          "hapax_ratio": 0.6606436437506682
        }
      },
      "line_reset_backoff": {
        "distance": 0.22998502594636347,
        "sample_features": {
          "entropy": 11.421089802484955,
          "compression_bits_per_token": 19.373066666666666,
          "type_token_ratio": 0.31266666666666665,
          "zipf_alpha": 0.7973987979558381,
          "bigram_cond_entropy": 3.2167277987826264,
          "trigram_cond_entropy": 0.19701209073698323,
          "bigram_mutual_information": 8.204265525281992,
          "mean_word_length": 5.157633333333333,
          "line_initial_entropy": 10.98203349091926,
          "line_final_entropy": 11.0125093721044,
          "hapax_ratio": 0.6655650319829425
        }
      },
      "line_reset_persistence": {
        "distance": 0.2238268778881377,
        "sample_features": {
          "entropy": 11.411515332893583,
          "compression_bits_per_token": 19.262666666666668,
          "type_token_ratio": 0.31143333333333334,
          "zipf_alpha": 0.8083541378238406,
          "bigram_cond_entropy": 3.202458705420323,
          "trigram_cond_entropy": 0.22071590622549486,
          "bigram_mutual_information": 8.208959829893407,
          "mean_word_length": 5.135133333333333,
          "line_initial_entropy": 10.991358498288054,
          "line_final_entropy": 11.040558860194093,
          "hapax_ratio": 0.6574975917799422
        }
      }
    },
    "feature_stats": {
      "entropy": {
        "voynich": 12.258255993226053,
        "generator_mean": 11.404242048516766,
        "generator_std": 0.019502889439172527,
        "z_score": 43.78909839861766
      },
      "compression_bits_per_token": {
        "voynich": 15.358470415087458,
        "generator_mean": 19.32086755555556,
        "generator_std": 0.063507521391438,
        "z_score": -62.392564749067745
      },
      "type_token_ratio": {
        "voynich": 0.1684488380069203,
        "generator_mean": 0.31097755555555556,
        "generator_std": 0.002057252740794426,
        "z_score": -69.28109255725019
      },
      "zipf_alpha": {
        "voynich": 0.773840694761673,
        "generator_mean": 0.8042111461974276,
        "generator_std": 0.0077670103380952215,
        "z_score": -3.9101855300481807
      },
      "bigram_cond_entropy": {
        "voynich": 4.848010728415584,
        "generator_mean": 3.2204096223709153,
        "generator_std": 0.016459319329035754,
        "z_score": 98.8862949619934
      },
      "trigram_cond_entropy": {
        "voynich": 0.46932156675739023,
        "generator_mean": 0.2249413148111454,
        "generator_std": 0.00622494874221738,
        "z_score": 39.258195057714566
      },
      "bigram_mutual_information": {
        "voynich": 7.410214883891365,
        "generator_mean": 8.183817661095922,
        "generator_std": 0.035380900343094254,
        "z_score": -21.864982793055212
      },
      "mean_word_length": {
        "voynich": 5.04847245557596,
        "generator_mean": 5.142891333333334,
        "generator_std": 0.014193351302112757,
        "z_score": -6.652331485892187
      },
      "line_initial_entropy": {
        "voynich": 11.822206322851297,
        "generator_mean": 10.997968786588402,
        "generator_std": 0.023434042992500112,
        "z_score": 35.17265614502314
      },
      "line_final_entropy": {
        "voynich": 11.873479786410421,
        "generator_mean": 11.039772749254205,
        "generator_std": 0.025093604716097177,
        "z_score": 33.22388499335074
      },
      "hapax_ratio": {
        "voynich": 0.5918814432989691,
        "generator_mean": 0.6588013678559486,
        "generator_std": 0.004048813423943053,
        "z_score": -16.528280646680823
      }
    },
    "outlier_features": [
      "entropy",
      "compression_bits_per_token",
      "type_token_ratio",
      "zipf_alpha",
      "bigram_cond_entropy",
      "trigram_cond_entropy",
      "bigram_mutual_information",
      "mean_word_length",
      "line_initial_entropy",
      "line_final_entropy",
      "hapax_ratio"
    ],