{
  "provenance": {
    "run_id": "8e8db350-fed8-a8d5-3e80-8adb5bbf9043",
    "git_commit": "d2e3f69dc337af08083c9cb805a58d424ac69a3a",
    "timestamp": "2026-02-18T05:44:47.431523+00:00",
    "seed": 42,
    "experiment_id": "701f3378-d37c-9c13-acd8-b1040a72761e",
    "run_nonce": 1771393487430893000,
    "command": "run_phase10_stage1b_jk_replication"
  },
  "results": {
    "method": "K",
    "status": "ok",
    "decision": "closure_weakened",
    "reason": "Residual outliers are correlated, trend toward language baseline, and are not closed by small generator parameter changes.",
    "config": {
      "target_tokens": 30000,
      "num_runs": 100,
      "seed": 42
    },
    "best_generator_family": "line_reset_markov",
    "candidate_scores": {
      "line_reset_markov": {
        "distance": 0.22405098315384173,
        "sample_features": {
          "entropy": 11.434296460388312,
          "compression_bits_per_token": 19.398666666666667,
          "type_token_ratio": 0.3118,
          "zipf_alpha": 0.7968558211026519,
          "bigram_cond_entropy": 3.204141030788316,
          "trigram_cond_entropy": 0.2141655065890351,
          "bigram_mutual_information": 8.23017845477599,
          "mean_word_length": 5.1226,
          "line_initial_entropy": 11.00006033383139,
          "line_final_entropy": 11.04490707180551,
          "hapax_ratio": 0.6546931793884969
        }
      },
      "line_reset_backoff": {
        "distance": 0.22542568660947085,
        "sample_features": {
          "entropy": 11.40201437741286,
          "compression_bits_per_token": 19.258133333333333,
          "type_token_ratio": 0.3112,
          "zipf_alpha": 0.8087961800720636,
          "bigram_cond_entropy": 3.2215433364764756,
          "trigram_cond_entropy": 0.20834977802851107,
          "bigram_mutual_information": 8.180490159465158,
          "mean_word_length": 5.136966666666667,
          "line_initial_entropy": 11.013410258374702,
          "line_final_entropy": 11.053216413905835,
          "hapax_ratio": 0.6586332476435304
        }
      },
      "line_reset_persistence": {
        "distance": 0.22523714737828862,
        "sample_features": {
          "entropy": 11.409416157678905,
          "compression_bits_per_token": 19.289866666666665,
          "type_token_ratio": 0.31143333333333334,
          "zipf_alpha": 0.8040164491224899,
          "bigram_cond_entropy": 3.2166237677308,
          "trigram_cond_entropy": 0.20868160109161593,
          "bigram_mutual_information": 8.192830770392565,
          "mean_word_length": 5.1423,
          "line_initial_entropy": 10.982949856507117,
          "line_final_entropy": 11.041299424761654,
          "hapax_ratio": 0.6554639837311356
        }
      }
    },
    "feature_stats": {
      "entropy": {
        "voynich": 12.258255993226053,
        "generator_mean": 11.403955298706446,
        "generator_std": 0.022513922593267413,
        "z_score": 37.94543980421597
      },
      "compression_bits_per_token": {
        "voynich": 15.358470415087458,
        "generator_mean": 19.315978666666666,
        "generator_std": 0.06581957485260566,
        "z_score": -60.126615227180224
      },
      "type_token_ratio": {
        "voynich": 0.1684488380069203,
        "generator_mean": 0.31122533333333335,
        "generator_std": 0.0023789592495692537,
        "z_score": -60.01636865039403
      },
      "zipf_alpha": {
        "voynich": 0.773840694761673,
        "generator_mean": 0.8032729393116301,
        "generator_std": 0.007727857334399737,
        "z_score": -3.808590567393443
      },
      "bigram_cond_entropy": {
        "voynich": 4.848010728415584,
        "generator_mean": 3.221381717640489,
        "generator_std": 0.01904446311184707,
        "z_score": 85.41217472091462
      },
      "trigram_cond_entropy": {
        "voynich": 0.46932156675739023,
        "generator_mean": 0.2246355750967432,
        "generator_std": 0.006358534971075759,
        "z_score": 38.48150443045377
      },
      "bigram_mutual_information": {
        "voynich": 7.410214883891365,
        "generator_mean": 8.182567628305733,
        "generator_std": 0.04109914921670968,
        "z_score": -18.792426586299083
      },
      "mean_word_length": {
        "voynich": 5.04847245557596,
        "generator_mean": 5.140051000000001,
        "generator_std": 0.01340979613317566,
        "z_score": -6.82922719439978
      },
      "line_initial_entropy": {
        "voynich": 11.822206322851297,
        "generator_mean": 10.995335967864982,
        "generator_std": 0.030449173499835308,
        "z_score": 27.15575695316616
      },
      "line_final_entropy": {
        "voynich": 11.873479786410421,
        "generator_mean": 11.040393135492932,
        "generator_std": 0.028432094113374967,
        "z_score": 29.300924778720034
      },
      "hapax_ratio": {
        "voynich": 0.5918814432989691,
        "generator_mean": 0.6601107617700492,
        "generator_std": 0.004235997502028755,
        "z_score": -16.107025190265798
      }
    },
    "outlier_features": [
      "entropy",
      "compression_bits_per_token",
      "type_token_ratio",
      "zipf_alpha",
      "bigram_cond_entropy",
      "trigram_cond_entropy",
      "bigram_mutual_information",
      "mean_word_length",
      "line_initial_entropy",
      "line_final_entropy",
      "hapax_ratio"
    ],