{
  "provenance": {
    "run_id": "6c7b700e-f2f5-0988-1f2c-7975d8014d77",
    "git_commit": "64adc46e31723fec564fe6a3f4b214f6dfe06156",
    "timestamp": "2026-02-18T14:54:01.033330+00:00",
    "seed": 77,
    "experiment_id": "69f96763-5917-09d3-cb38-faa27c5cd6e7",
    "run_nonce": 1771426441033019000,
    "command": "run_phase10_stage5b_k_adjudication"
  },
  "results": {
    "method": "K",
    "status": "ok",
    "decision": "closure_weakened",
    "reason": "Residual outliers are correlated, trend toward language baseline, and are not closed by small generator parameter changes.",
    "config": {
      "target_tokens": 30000,
      "num_runs": 150,
      "seed": 89
    },
    "best_generator_family": "line_reset_persistence",
    "candidate_scores": {
      "line_reset_markov": {
        "distance": 0.2252757451421708,
        "sample_features": {
          "entropy": 11.431291237025782,
          "compression_bits_per_token": 19.385066666666667,
          "type_token_ratio": 0.31393333333333334,
          "zipf_alpha": 0.7974473825994133,
          "bigram_cond_entropy": 3.205859853264176,
          "trigram_cond_entropy": 0.21738469303957864,
          "bigram_mutual_information": 8.225335245400474,
          "mean_word_length": 5.136333333333333,
          "line_initial_entropy": 11.012744441669645,
          "line_final_entropy": 11.052609703410768,
          "hapax_ratio": 0.659163304310894
        }
      },
      "line_reset_backoff": {
        "distance": 0.22665713775228663,
        "sample_features": {
          "entropy": 11.424707602265487,
          "compression_bits_per_token": 19.340533333333333,
          "type_token_ratio": 0.31133333333333335,
          "zipf_alpha": 0.8102956701122216,
          "bigram_cond_entropy": 3.2076493703429954,
          "trigram_cond_entropy": 0.20158700918433503,
          "bigram_mutual_information": 8.217060737468499,
          "mean_word_length": 5.109466666666667,
          "line_initial_entropy": 11.003555556902162,
          "line_final_entropy": 11.040918049658584,
          "hapax_ratio": 0.6519271948608137
        }
      },
      "line_reset_persistence": {
        "distance": 0.22183147460068933,
        "sample_features": {
          "entropy": 11.375297586028438,
          "compression_bits_per_token": 19.177066666666665,
          "type_token_ratio": 0.30866666666666664,
          "zipf_alpha": 0.8214493794824904,
          "bigram_cond_entropy": 3.230589716367531,
          "trigram_cond_entropy": 0.22540326673016153,
          "bigram_mutual_information": 8.144663521253525,
          "mean_word_length": 5.132,
          "line_initial_entropy": 10.951682319220307,
          "line_final_entropy": 11.008373343426301,
          "hapax_ratio": 0.6570194384449244
        }
      }
    },
    "feature_stats": {
      "entropy": {
        "voynich": 12.258255993226053,
        "generator_mean": 11.39138191796949,
        "generator_std": 0.024566624520788727,
        "z_score": 35.286657901373395
      },
      "compression_bits_per_token": {
        "voynich": 15.358470415087458,
        "generator_mean": 19.219971555555556,
        "generator_std": 0.06723405942280411,
        "z_score": -57.43370508368224
      },
      "type_token_ratio": {
        "voynich": 0.1684488380069203,
        "generator_mean": 0.30886955555555556,
        "generator_std": 0.002407488122863412,
        "z_score": -58.32665017745635
      },
      "zipf_alpha": {
        "voynich": 0.773840694761673,
        "generator_mean": 0.8038176356046414,
        "generator_std": 0.00795643650067894,
        "z_score": -3.767634020633523
      },
      "bigram_cond_entropy": {
        "voynich": 4.848010728415584,
        "generator_mean": 3.223880348241842,
        "generator_std": 0.01963142768855795,
        "z_score": 82.73113937201603
      },
      "trigram_cond_entropy": {
        "voynich": 0.46932156675739023,
        "generator_mean": 0.21865690145089606,
        "generator_std": 0.006863056708546164,
        "z_score": 36.5237642571649
      },
      "bigram_mutual_information": {
        "voynich": 7.410214883891365,
        "generator_mean": 8.167497640411455,
        "generator_std": 0.04370405770119559,
        "z_score": -17.327515941371562
      },
      "mean_word_length": {
        "voynich": 5.04847245557596,
        "generator_mean": 5.12934888888889,
        "generator_std": 0.01697163501439175,
        "z_score": -4.765388440438838
      },
      "line_initial_entropy": {
        "voynich": 11.822206322851297,
        "generator_mean": 10.97136188254147,
        "generator_std": 0.02528862309732868,
        "z_score": 33.64534466883274
      },
      "line_final_entropy": {
        "voynich": 11.873479786410421,
        "generator_mean": 11.020295559105204,
        "generator_std": 0.02441599188505788,
        "z_score": 34.9436644360678
      },
      "hapax_ratio": {
        "voynich": 0.5918814432989691,
        "generator_mean": 0.6567051356598351,
        "generator_std": 0.004492682978069,
        "z_score": -14.42872614811738
      }
    },
    "outlier_features": [
      "entropy",
      "compression_bits_per_token",
      "type_token_ratio",
      "zipf_alpha",
      "bigram_cond_entropy",
      "trigram_cond_entropy",
      "bigram_mutual_information",
      "mean_word_length",
      "line_initial_entropy",
      "line_final_entropy",
      "hapax_ratio"
    ],