{
  "provenance": {
    "run_id": "5f85586d-01fc-30c0-61f8-0f34e003c82a",
    "git_commit": "b7dddfcb61e37d15c277893a59ee80cecd443bce",
    "timestamp": "2026-02-18T13:31:54.179921+00:00",
    "seed": 42,
    "experiment_id": "701f3378-d37c-9c13-acd8-b1040a72761e",
    "run_nonce": 1771421514179260000,
    "command": "run_phase10_stage5_high_roi"
  },
  "results": {
    "method": "J",
    "status": "ok",
    "decision": "closure_weakened",
    "reason": "At least one extraction anomaly is strong and stable under resampling tests.",
    "config": {
      "target_tokens": 30000,
      "null_runs": 150,
      "family_counts": {
        "line_reset_backoff": 50,
        "line_reset_markov": 50,
        "line_reset_persistence": 50
      },
      "seed": 77
    },
    "voynich_rule_metrics": {
      "line_initial_tokens": {
        "description": "First token of each line",
        "token_count": 103003,
        "metrics": {
          "entropy": 11.822206322851297,
          "compression_ratio": 0.34585989950597473,
          "type_token_ratio": 0.20837257167266973,
          "bigram_mutual_information": 7.353972665720835
        }
      },
      "line_final_tokens": {
        "description": "Last token of each line",
        "token_count": 103003,
        "metrics": {
          "entropy": 11.873479786410421,
          "compression_ratio": 0.35327276733557694,
          "type_token_ratio": 0.21209090997349592,
          "bigram_mutual_information": 7.435109897044201
        }
      },
      "word_initial_glyphs": {
        "description": "First glyph proxy (first character) of each word",
        "token_count": 230337,
        "metrics": {
          "entropy": 4.346684779866537,
          "compression_ratio": 0.2935314203350316,
          "type_token_ratio": 0.000347317191766846,
          "bigram_mutual_information": 0.45877738581749583
        }
      },
      "nth_token_2": {
        "description": "Every 2nd token from stream",
        "token_count": 115168,
        "metrics": {
          "entropy": 12.085058733897569,
          "compression_ratio": 0.34673922725274475,
          "type_token_ratio": 0.21993088357877189,
          "bigram_mutual_information": 7.79786556473573
        }
      },
      "nth_token_3": {
        "description": "Every 3rd token from stream",
        "token_count": 76779,
        "metrics": {
          "entropy": 11.988866611566023,
          "compression_ratio": 0.3627012839611265,
          "type_token_ratio": 0.25579911173628206,
          "bigram_mutual_information": 8.04993306419496
        }
      },
      "nth_token_5": {
        "description": "Every 5th token from stream",
        "token_count": 46067,
        "metrics": {
          "entropy": 11.793717970346075,
          "compression_ratio": 0.3797547205138915,
          "type_token_ratio": 0.30077929971563155,
          "bigram_mutual_information": 8.275175717116324
        }
      },
      "nth_token_7": {
        "description": "Every 7th token from stream",
        "token_count": 32905,
        "metrics": {
          "entropy": 11.645413249007065,
          "compression_ratio": 0.38646313567666646,
          "type_token_ratio": 0.3307096185989971,
          "bigram_mutual_information": 8.421867236106179
        }
      },
      "slot_position_3_glyphs": {
        "description": "Third glyph proxy (third character) from each token",
        "token_count": 210234,
        "metrics": {
          "entropy": 4.629182534790045,
          "compression_ratio": 0.32516939498224595,
          "type_token_ratio": 0.00038052836363290426,
          "bigram_mutual_information": 0.37150519232542517
        }
      },
      "paragraph_initial_tokens": {
        "description": "First token of each page",
        "token_count": 223,
        "metrics": {
          "entropy": 7.470072825880773,
          "compression_ratio": 0.4965277777777778,
          "type_token_ratio": 0.8475336322869955,
          "bigram_mutual_information": 7.129781294180572
        }
      }
    },
    "null_summary": {
      "line_initial_tokens": {
        "entropy": {
          "mean": 10.9917008732741,
          "std": 0.028972119589867926,
          "z_score": 28.665677946036094,
          "p_two_sided": 0.006622516556291391,
          "n": 150
        },
        "compression_ratio": {
          "mean": 0.40511012125811713,
          "std": 0.001603921000234319,
          "z_score": -36.94086039367678,
          "p_two_sided": 0.006622516556291391,
          "n": 150
        },
        "type_token_ratio": {
          "mean": 0.3894378008550369,
          "std": 0.004225638283539992,
          "z_score": -42.84920218743411,
          "p_two_sided": 0.006622516556291391,
          "n": 150
        },
        "bigram_mutual_information": {
          "mean": 8.309271071024483,
          "std": 0.05385469561267754,
          "z_score": -17.738442199620724,
          "p_two_sided": 0.006622516556291391,
          "n": 150
        }
      },
      "line_final_tokens": {
        "entropy": {
          "mean": 11.035113312835373,
          "std": 0.029043447575137896,
          "z_score": 28.865942013465244,
          "p_two_sided": 0.006622516556291391,
          "n": 150
        },
        "compression_ratio": {
          "mean": 0.4086440003061222,
          "std": 0.0014885674648617588,
          "z_score": -37.197664383782225,
          "p_two_sided": 0.006622516556291391,
          "n": 150
        },
        "type_token_ratio": {
          "mean": 0.39763800967585505,
          "std": 0.004178490641640999,
          "z_score": -44.40529263205197,
          "p_two_sided": 0.006622516556291391,
          "n": 150
        },
        "bigram_mutual_information": {
          "mean": 8.393157241576406,
          "std": 0.05337852214040239,
          "z_score": -17.948180393834,
          "p_two_sided": 0.006622516556291391,
          "n": 150
        }
      },
      "word_initial_glyphs": {
        "entropy": {
          "mean": 4.184199567450972,
          "std": 0.015038172043247963,
          "z_score": 10.804851277687044,
          "p_two_sided": 0.006622516556291391,
          "n": 150
        },
        "compression_ratio": {
          "mean": 0.3496700500563898,
          "std": 0.001344162478447803,
          "z_score": -41.764764767266335,
          "p_two_sided": 0.006622516556291391,
          "n": 150
        },
        "type_token_ratio": {
          "mean": 0.002347111111111111,
          "std": 6.887311647398786e-05,
          "z_score": -29.035914471788875,
          "p_two_sided": 0.006622516556291391,
          "n": 150
        },
        "bigram_mutual_information": {
          "mean": 0.2578249663462382,
          "std": 0.010350245586973502,
          "z_score": 19.415232013834544,
          "p_two_sided": 0.006622516556291391,
          "n": 150
        }
      },
      "nth_token_2": {
        "entropy": {
          "mean": 11.104558928409773,
          "std": 0.02797419519009068,
          "z_score": 35.05015242887555,
          "p_two_sided": 0.006622516556291391,
          "n": 150
        },
        "compression_ratio": {
          "mean": 0.40654557011302117,
          "std": 0.0014309092872055787,
          "z_score": -41.79604073789483,
          "p_two_sided": 0.006622516556291391,
          "n": 150
        },
        "type_token_ratio": {
          "mean": 0.38664266666666663,
          "std": 0.003784093648516213,
          "z_score": -44.05593480839576,
          "p_two_sided": 0.006622516556291391,
          "n": 150
        },
        "bigram_mutual_information": {
          "mean": 8.39768790644438,
          "std": 0.05288524734581783,
          "z_score": -11.34195965438903,
          "p_two_sided": 0.006622516556291391,
          "n": 150
        }
      },
      "nth_token_3": {
        "entropy": {
          "mean": 10.894992158188389,
          "std": 0.030079403505694272,
          "z_score": 36.36622824553534,
          "p_two_sided": 0.006622516556291391,