{
  "provenance": {
    "run_id": "5f85586d-01fc-30c0-61f8-0f34e003c82a",
    "git_commit": "b7dddfcb61e37d15c277893a59ee80cecd443bce",
    "timestamp": "2026-02-18T13:31:54.179921+00:00",
    "seed": 42,
    "experiment_id": "701f3378-d37c-9c13-acd8-b1040a72761e",
    "run_nonce": 1771421514179260000,
    "command": "run_phase10_stage5_high_roi"
  },
  "results": {
    "method": "K",
    "status": "ok",
    "decision": "closure_weakened",
    "reason": "Residual outliers are correlated, trend toward language baseline, and are not closed by small generator parameter changes.",
    "config": {
      "target_tokens": 30000,
      "num_runs": 150,
      "seed": 101
    },
    "best_generator_family": "line_reset_markov",
    "candidate_scores": {
      "line_reset_markov": {
        "distance": 0.21921062422005982,
        "sample_features": {
          "entropy": 11.399896942248976,
          "compression_bits_per_token": 19.263733333333334,
          "type_token_ratio": 0.30943333333333334,
          "zipf_alpha": 0.7980949779539984,
          "bigram_cond_entropy": 3.2216549025519363,
          "trigram_cond_entropy": 0.2259921153257718,
          "bigram_mutual_information": 8.178377201578797,
          "mean_word_length": 5.138166666666667,
          "line_initial_entropy": 11.006576297647266,
          "line_final_entropy": 11.038374771846094,
          "hapax_ratio": 0.6534525476677798
        }
      },
      "line_reset_backoff": {
        "distance": 0.22539907141623683,
        "sample_features": {
          "entropy": 11.392580634326242,
          "compression_bits_per_token": 19.277066666666666,
          "type_token_ratio": 0.3106333333333333,
          "zipf_alpha": 0.8079117275710743,
          "bigram_cond_entropy": 3.2334485904066916,
          "trigram_cond_entropy": 0.20971606896204698,
          "bigram_mutual_information": 8.159268500977214,
          "mean_word_length": 5.1371,
          "line_initial_entropy": 10.962223959479644,
          "line_final_entropy": 11.002898427085348,
          "hapax_ratio": 0.6597274385663697
        }
      },
      "line_reset_persistence": {
        "distance": 0.22215120108960082,
        "sample_features": {
          "entropy": 11.404329108681363,
          "compression_bits_per_token": 19.272266666666667,
          "type_token_ratio": 0.3087666666666667,
          "zipf_alpha": 0.803251375789027,
          "bigram_cond_entropy": 3.21755944096709,
          "trigram_cond_entropy": 0.21119490902962745,
          "bigram_mutual_information": 8.186900328514954,
          "mean_word_length": 5.122866666666667,
          "line_initial_entropy": 11.008508109872148,
          "line_final_entropy": 11.070668407640886,
          "hapax_ratio": 0.6545395660153298
        }
      }
    },
    "feature_stats": {
      "entropy": {
        "voynich": 12.258255993226053,
        "generator_mean": 11.40604930931879,
        "generator_std": 0.023403040930555702,
        "z_score": 36.41435685371109
      },
      "compression_bits_per_token": {
        "voynich": 15.358470415087458,
        "generator_mean": 19.322531555555553,
        "generator_std": 0.07033973007105675,
        "z_score": -56.3559333603303
      },
      "type_token_ratio": {
        "voynich": 0.1684488380069203,
        "generator_mean": 0.3114848888888889,
        "generator_std": 0.002434588980951987,
        "z_score": -58.75162173207482
      },
      "zipf_alpha": {
        "voynich": 0.773840694761673,
        "generator_mean": 0.8050076262262329,
        "generator_std": 0.00745076217088586,
        "z_score": -4.183052787048529
      },
      "bigram_cond_entropy": {
        "voynich": 4.848010728415584,
        "generator_mean": 3.218983885358902,
        "generator_std": 0.01897138448394744,
        "z_score": 85.86757832223984
      },
      "trigram_cond_entropy": {
        "voynich": 0.46932156675739023,
        "generator_mean": 0.2244528685923161,
        "generator_std": 0.007079213271209097,
        "z_score": 34.58981793371676
      },
      "bigram_mutual_information": {
        "voynich": 7.410214883891365,
        "generator_mean": 8.18704600713279,
        "generator_std": 0.04189054665077518,
        "z_score": -18.544306182431985
      },
      "mean_word_length": {
        "voynich": 5.04847245557596,
        "generator_mean": 5.143001333333333,
        "generator_std": 0.01656628297342392,
        "z_score": -5.706100632774337
      },
      "line_initial_entropy": {
        "voynich": 11.822206322851297,
        "generator_mean": 10.997782199119028,
        "generator_std": 0.024859705136325856,
        "z_score": 33.16306928064052
      },
      "line_final_entropy": {
        "voynich": 11.873479786410421,
        "generator_mean": 11.040509020181867,
        "generator_std": 0.025168995301793916,
        "z_score": 33.095113898693604
      },
      "hapax_ratio": {
        "voynich": 0.5918814432989691,
        "generator_mean": 0.6597017074365211,
        "generator_std": 0.004192925809816942,
        "z_score": -16.174925866506804
      }
    },
    "outlier_features": [
      "entropy",
      "compression_bits_per_token",
      "type_token_ratio",
      "zipf_alpha",
      "bigram_cond_entropy",
      "trigram_cond_entropy",
      "bigram_mutual_information",
      "mean_word_length",
      "line_initial_entropy",
      "line_final_entropy",
      "hapax_ratio"
    ],