{
  "provenance": {
    "run_id": "5f85586d-01fc-30c0-61f8-0f34e003c82a",
    "git_commit": "b7dddfcb61e37d15c277893a59ee80cecd443bce",
    "timestamp": "2026-02-18T13:31:54.179921+00:00",
    "seed": 42,
    "experiment_id": "701f3378-d37c-9c13-acd8-b1040a72761e",
    "run_nonce": 1771421514179260000,
    "command": "run_phase10_stage5_high_roi"
  },
  "results": {
    "method": "J",
    "status": "ok",
    "decision": "closure_weakened",
    "reason": "At least one extraction anomaly is strong and stable under resampling tests.",
    "config": {
      "target_tokens": 30000,
      "null_runs": 150,
      "family_counts": {
        "line_reset_backoff": 50,
        "line_reset_markov": 50,
        "line_reset_persistence": 50
      },
      "seed": 101
    },
    "voynich_rule_metrics": {
      "line_initial_tokens": {
        "description": "First token of each line",
        "token_count": 103003,
        "metrics": {
          "entropy": 11.822206322851297,
          "compression_ratio": 0.34585989950597473,
          "type_token_ratio": 0.20837257167266973,
          "bigram_mutual_information": 7.353972665720835
        }
      },
      "line_final_tokens": {
        "description": "Last token of each line",
        "token_count": 103003,
        "metrics": {
          "entropy": 11.873479786410421,
          "compression_ratio": 0.35327276733557694,
          "type_token_ratio": 0.21209090997349592,
          "bigram_mutual_information": 7.435109897044201
        }
      },
      "word_initial_glyphs": {
        "description": "First glyph proxy (first character) of each word",
        "token_count": 230337,
        "metrics": {
          "entropy": 4.346684779866537,
          "compression_ratio": 0.2935314203350316,
          "type_token_ratio": 0.000347317191766846,
          "bigram_mutual_information": 0.45877738581749583
        }
      },
      "nth_token_2": {
        "description": "Every 2nd token from stream",
        "token_count": 115168,
        "metrics": {
          "entropy": 12.085058733897569,
          "compression_ratio": 0.34673922725274475,
          "type_token_ratio": 0.21993088357877189,
          "bigram_mutual_information": 7.79786556473573
        }
      },
      "nth_token_3": {
        "description": "Every 3rd token from stream",
        "token_count": 76779,
        "metrics": {
          "entropy": 11.988866611566023,
          "compression_ratio": 0.3627012839611265,
          "type_token_ratio": 0.25579911173628206,
          "bigram_mutual_information": 8.04993306419496
        }
      },
      "nth_token_5": {
        "description": "Every 5th token from stream",
        "token_count": 46067,
        "metrics": {
          "entropy": 11.793717970346075,
          "compression_ratio": 0.3797547205138915,
          "type_token_ratio": 0.30077929971563155,
          "bigram_mutual_information": 8.275175717116324
        }
      },
      "nth_token_7": {
        "description": "Every 7th token from stream",
        "token_count": 32905,
        "metrics": {
          "entropy": 11.645413249007065,
          "compression_ratio": 0.38646313567666646,
          "type_token_ratio": 0.3307096185989971,
          "bigram_mutual_information": 8.421867236106179
        }
      },
      "slot_position_3_glyphs": {
        "description": "Third glyph proxy (third character) from each token",
        "token_count": 210234,
        "metrics": {
          "entropy": 4.629182534790045,
          "compression_ratio": 0.32516939498224595,
          "type_token_ratio": 0.00038052836363290426,
          "bigram_mutual_information": 0.37150519232542517
        }
      },
      "paragraph_initial_tokens": {
        "description": "First token of each page",
        "token_count": 223,
        "metrics": {
          "entropy": 7.470072825880773,
          "compression_ratio": 0.4965277777777778,
          "type_token_ratio": 0.8475336322869955,
          "bigram_mutual_information": 7.129781294180572
        }
      }
    },
    "null_summary": {
      "line_initial_tokens": {
        "entropy": {
          "mean": 10.986427245370846,
          "std": 0.027871373893020378,
          "z_score": 29.98700676502169,
          "p_two_sided": 0.006622516556291391,
          "n": 150
        },
        "compression_ratio": {
          "mean": 0.4049270725109099,
          "std": 0.001510130095416624,
          "z_score": -39.11396321695011,
          "p_two_sided": 0.006622516556291391,
          "n": 150
        },
        "type_token_ratio": {
          "mean": 0.38927997912740475,
          "std": 0.003838856507684501,
          "z_score": -47.12533721763247,
          "p_two_sided": 0.006622516556291391,
          "n": 150
        },
        "bigram_mutual_information": {
          "mean": 8.302373697593582,
          "std": 0.04949785752290875,
          "z_score": -19.160446114941557,
          "p_two_sided": 0.006622516556291391,
          "n": 150
        }
      },
      "line_final_tokens": {
        "entropy": {
          "mean": 11.032643717546083,
          "std": 0.025146383593785685,
          "z_score": 33.43765379734881,
          "p_two_sided": 0.006622516556291391,
          "n": 150
        },
        "compression_ratio": {
          "mean": 0.40853895728503214,
          "std": 0.0014777443384216176,
          "z_score": -37.39901992010686,
          "p_two_sided": 0.006622516556291391,
          "n": 150
        },
        "type_token_ratio": {
          "mean": 0.39777331405802213,
          "std": 0.003482847517733039,
          "z_score": -53.31338886905551,
          "p_two_sided": 0.006622516556291391,
          "n": 150
        },
        "bigram_mutual_information": {
          "mean": 8.391880260622775,
          "std": 0.04423954393384413,
          "z_score": -21.62703948777884,
          "p_two_sided": 0.006622516556291391,
          "n": 150
        }
      },
      "word_initial_glyphs": {
        "entropy": {
          "mean": 4.1819873879654565,
          "std": 0.015416209520509386,
          "z_score": 10.683390860896838,
          "p_two_sided": 0.006622516556291391,
          "n": 150
        },
        "compression_ratio": {
          "mean": 0.3494898248304138,
          "std": 0.0011992433162946873,
          "z_score": -46.66142703073583,
          "p_two_sided": 0.006622516556291391,
          "n": 150
        },
        "type_token_ratio": {
          "mean": 0.0023464444444444444,
          "std": 6.654396114924395e-05,
          "z_score": -30.042203952872313,
          "p_two_sided": 0.006622516556291391,
          "n": 150
        },
        "bigram_mutual_information": {
          "mean": 0.25711406396489855,
          "std": 0.009571350039464127,
          "z_score": 21.069475154613386,
          "p_two_sided": 0.006622516556291391,
          "n": 150
        }
      },
      "nth_token_2": {
        "entropy": {
          "mean": 11.10085807264107,
          "std": 0.025710177945076903,
          "z_score": 38.28058535257851,
          "p_two_sided": 0.006622516556291391,
          "n": 150
        },
        "compression_ratio": {
          "mean": 0.40652127923852427,
          "std": 0.001425393020299857,
          "z_score": -41.94074976823114,
          "p_two_sided": 0.006622516556291391,
          "n": 150
        },
        "type_token_ratio": {
          "mean": 0.3862431111111111,
          "std": 0.0034642396347414517,
          "z_score": -48.00829188156081,
          "p_two_sided": 0.006622516556291391,
          "n": 150
        },
        "bigram_mutual_information": {
          "mean": 8.390839123934075,
          "std": 0.04946399700717177,
          "z_score": -11.987983080145547,
          "p_two_sided": 0.006622516556291391,
          "n": 150
        }
      },
      "nth_token_3": {
        "entropy": {
          "mean": 10.889666636049824,
          "std": 0.02841398343361143,
          "z_score": 38.68517689835541,