{
  "provenance": {
    "run_id": "8e8db350-fed8-a8d5-3e80-8adb5bbf9043",
    "git_commit": "d2e3f69dc337af08083c9cb805a58d424ac69a3a",
    "timestamp": "2026-02-18T05:44:47.431523+00:00",
    "seed": 42,
    "experiment_id": "701f3378-d37c-9c13-acd8-b1040a72761e",
    "run_nonce": 1771393487430893000,
    "command": "run_phase10_stage1b_jk_replication"
  },
  "results": {
    "method": "K",
    "status": "ok",
    "decision": "closure_weakened",
    "reason": "Residual outliers are correlated, trend toward language baseline, and are not closed by small generator parameter changes.",
    "config": {
      "target_tokens": 30000,
      "num_runs": 100,
      "seed": 101
    },
    "best_generator_family": "line_reset_markov",
    "candidate_scores": {
      "line_reset_markov": {
        "distance": 0.21921062422005982,
        "sample_features": {
          "entropy": 11.399896942248976,
          "compression_bits_per_token": 19.263733333333334,
          "type_token_ratio": 0.30943333333333334,
          "zipf_alpha": 0.7980949779539984,
          "bigram_cond_entropy": 3.2216549025519363,
          "trigram_cond_entropy": 0.2259921153257718,
          "bigram_mutual_information": 8.178377201578797,
          "mean_word_length": 5.138166666666667,
          "line_initial_entropy": 11.006576297647266,
          "line_final_entropy": 11.038374771846094,
          "hapax_ratio": 0.6534525476677798
        }
      },
      "line_reset_backoff": {
        "distance": 0.22539907141623683,
        "sample_features": {
          "entropy": 11.392580634326242,
          "compression_bits_per_token": 19.277066666666666,
          "type_token_ratio": 0.3106333333333333,
          "zipf_alpha": 0.8079117275710743,
          "bigram_cond_entropy": 3.2334485904066916,
          "trigram_cond_entropy": 0.20971606896204698,
          "bigram_mutual_information": 8.159268500977214,
          "mean_word_length": 5.1371,
          "line_initial_entropy": 10.962223959479644,
          "line_final_entropy": 11.002898427085348,
          "hapax_ratio": 0.6597274385663697
        }
      },
      "line_reset_persistence": {
        "distance": 0.22215120108960082,
        "sample_features": {
          "entropy": 11.404329108681363,
          "compression_bits_per_token": 19.272266666666667,
          "type_token_ratio": 0.3087666666666667,
          "zipf_alpha": 0.803251375789027,
          "bigram_cond_entropy": 3.21755944096709,
          "trigram_cond_entropy": 0.21119490902962745,
          "bigram_mutual_information": 8.186900328514954,
          "mean_word_length": 5.122866666666667,
          "line_initial_entropy": 11.008508109872148,
          "line_final_entropy": 11.070668407640886,
          "hapax_ratio": 0.6545395660153298
        }
      }
    },
    "feature_stats": {
      "entropy": {
        "voynich": 12.258255993226053,
        "generator_mean": 11.40453475151176,
        "generator_std": 0.022986591691446987,
        "z_score": 37.13996634098442
      },
      "compression_bits_per_token": {
        "voynich": 15.358470415087458,
        "generator_mean": 19.31854133333333,
        "generator_std": 0.07190337669709565,
        "z_score": -55.074894951433166
      },
      "type_token_ratio": {
        "voynich": 0.1684488380069203,
        "generator_mean": 0.3112826666666667,
        "generator_std": 0.0024953800868360255,
        "z_score": -57.23930771638485
      },
      "zipf_alpha": {
        "voynich": 0.773840694761673,
        "generator_mean": 0.8057191378611386,
        "generator_std": 0.0070488703917053926,
        "z_score": -4.5224896086864925
      },
      "bigram_cond_entropy": {
        "voynich": 4.848010728415584,
        "generator_mean": 3.2204277250831366,
        "generator_std": 0.018555237624829184,
        "z_score": 87.71555698939376
      },
      "trigram_cond_entropy": {
        "voynich": 0.46932156675739023,
        "generator_mean": 0.22466176714759503,
        "generator_std": 0.007112787240492956,
        "z_score": 34.397176709708376
      },
      "bigram_mutual_information": {
        "voynich": 7.410214883891365,
        "generator_mean": 8.184094875945082,
        "generator_std": 0.04106190237212017,
        "z_score": -18.846666796888552
      },
      "mean_word_length": {
        "voynich": 5.04847245557596,
        "generator_mean": 5.143909000000001,
        "generator_std": 0.017776192477580787,
        "z_score": -5.3687843751919475
      },
      "line_initial_entropy": {
        "voynich": 11.822206322851297,
        "generator_mean": 10.997200915112193,
        "generator_std": 0.025187591638550017,
        "z_score": 32.75443796208049
      },
      "line_final_entropy": {
        "voynich": 11.873479786410421,
        "generator_mean": 11.039709349473691,
        "generator_std": 0.024808180601188883,
        "z_score": 33.60868942145532
      },
      "hapax_ratio": {
        "voynich": 0.5918814432989691,
        "generator_mean": 0.6594998986541459,
        "generator_std": 0.004281756151530154,
        "z_score": -15.792224723262747
      }
    },
    "outlier_features": [
      "entropy",
      "compression_bits_per_token",
      "type_token_ratio",
      "zipf_alpha",
      "bigram_cond_entropy",
      "trigram_cond_entropy",
      "bigram_mutual_information",
      "mean_word_length",
      "line_initial_entropy",
      "line_final_entropy",
      "hapax_ratio"
    ],