{
  "provenance": {
    "run_id": "8e8db350-fed8-a8d5-3e80-8adb5bbf9043",
    "git_commit": "d2e3f69dc337af08083c9cb805a58d424ac69a3a",
    "timestamp": "2026-02-18T05:44:47.431523+00:00",
    "seed": 42,
    "experiment_id": "701f3378-d37c-9c13-acd8-b1040a72761e",
    "run_nonce": 1771393487430893000,
    "command": "run_phase10_stage1b_jk_replication"
  },
  "results": {
    "method": "J",
    "status": "ok",
    "decision": "closure_weakened",
    "reason": "At least one extraction anomaly is strong and stable under resampling tests.",
    "config": {
      "target_tokens": 30000,
      "null_runs": 100,
      "family_counts": {
        "line_reset_backoff": 34,
        "line_reset_markov": 33,
        "line_reset_persistence": 33
      },
      "seed": 101
    },
    "voynich_rule_metrics": {
      "line_initial_tokens": {
        "description": "First token of each line",
        "token_count": 103003,
        "metrics": {
          "entropy": 11.822206322851297,
          "compression_ratio": 0.34585989950597473,
          "type_token_ratio": 0.20837257167266973,
          "bigram_mutual_information": 7.353972665720835
        }
      },
      "line_final_tokens": {
        "description": "Last token of each line",
        "token_count": 103003,
        "metrics": {
          "entropy": 11.873479786410421,
          "compression_ratio": 0.35327276733557694,
          "type_token_ratio": 0.21209090997349592,
          "bigram_mutual_information": 7.435109897044201
        }
      },
      "word_initial_glyphs": {
        "description": "First glyph proxy (first character) of each word",
        "token_count": 230337,
        "metrics": {
          "entropy": 4.346684779866537,
          "compression_ratio": 0.2935314203350316,
          "type_token_ratio": 0.000347317191766846,
          "bigram_mutual_information": 0.45877738581749583
        }
      },
      "nth_token_2": {
        "description": "Every 2nd token from stream",
        "token_count": 115168,
        "metrics": {
          "entropy": 12.085058733897569,
          "compression_ratio": 0.34673922725274475,
          "type_token_ratio": 0.21993088357877189,
          "bigram_mutual_information": 7.79786556473573
        }
      },
      "nth_token_3": {
        "description": "Every 3rd token from stream",
        "token_count": 76779,
        "metrics": {
          "entropy": 11.988866611566023,
          "compression_ratio": 0.3627012839611265,
          "type_token_ratio": 0.25579911173628206,
          "bigram_mutual_information": 8.04993306419496
        }
      },
      "nth_token_5": {
        "description": "Every 5th token from stream",
        "token_count": 46067,
        "metrics": {
          "entropy": 11.793717970346075,
          "compression_ratio": 0.3797547205138915,
          "type_token_ratio": 0.30077929971563155,
          "bigram_mutual_information": 8.275175717116324
        }
      },
      "nth_token_7": {
        "description": "Every 7th token from stream",
        "token_count": 32905,
        "metrics": {
          "entropy": 11.645413249007065,
          "compression_ratio": 0.38646313567666646,
          "type_token_ratio": 0.3307096185989971,
          "bigram_mutual_information": 8.421867236106179
        }
      },
      "slot_position_3_glyphs": {
        "description": "Third glyph proxy (third character) from each token",
        "token_count": 210234,
        "metrics": {
          "entropy": 4.629182534790045,
          "compression_ratio": 0.32516939498224595,
          "type_token_ratio": 0.00038052836363290426,
          "bigram_mutual_information": 0.37150519232542517
        }
      },
      "paragraph_initial_tokens": {
        "description": "First token of each page",
        "token_count": 223,
        "metrics": {
          "entropy": 7.470072825880773,
          "compression_ratio": 0.4965277777777778,
          "type_token_ratio": 0.8475336322869955,
          "bigram_mutual_information": 7.129781294180572
        }
      }
    },
    "null_summary": {
      "line_initial_tokens": {
        "entropy": {
          "mean": 10.990218835484347,
          "std": 0.028304472825800595,
          "z_score": 29.394205378330245,
          "p_two_sided": 0.009900990099009901,
          "n": 100
        },
        "compression_ratio": {
          "mean": 0.40509013083947926,
          "std": 0.0014895153666654856,
          "z_score": -39.76476688931428,
          "p_two_sided": 0.009900990099009901,
          "n": 100
        },
        "type_token_ratio": {
          "mean": 0.38961472591033414,
          "std": 0.004170187874396877,
          "z_score": -43.461388238743794,
          "p_two_sided": 0.009900990099009901,
          "n": 100
        },
        "bigram_mutual_information": {
          "mean": 8.30991586551795,
          "std": 0.051785403868789825,
          "z_score": -18.45970347589095,
          "p_two_sided": 0.009900990099009901,
          "n": 100
        }
      },
      "line_final_tokens": {
        "entropy": {
          "mean": 11.035024727919668,
          "std": 0.02456506770430895,
          "z_score": 34.13200682299281,
          "p_two_sided": 0.009900990099009901,
          "n": 100
        },
        "compression_ratio": {
          "mean": 0.4085518052912678,
          "std": 0.001505481612345708,
          "z_score": -36.71850755424368,
          "p_two_sided": 0.009900990099009901,
          "n": 100
        },
        "type_token_ratio": {
          "mean": 0.3980420993302788,
          "std": 0.0036926632655333003,
          "z_score": -50.35693102385481,
          "p_two_sided": 0.009900990099009901,
          "n": 100
        },
        "bigram_mutual_information": {
          "mean": 8.39677877118948,
          "std": 0.04467240144239644,
          "z_score": -21.527136287609657,
          "p_two_sided": 0.009900990099009901,
          "n": 100
        }
      },
      "word_initial_glyphs": {
        "entropy": {
          "mean": 4.1823749732254605,
          "std": 0.01408801351514061,
          "z_score": 11.663092632931571,
          "p_two_sided": 0.009900990099009901,
          "n": 100
        },
        "compression_ratio": {
          "mean": 0.3495166586109768,
          "std": 0.0011556753399495885,
          "z_score": -48.44374223507038,
          "p_two_sided": 0.009900990099009901,
          "n": 100
        },
        "type_token_ratio": {
          "mean": 0.002348,
          "std": 7.044619696382947e-05,
          "z_score": -28.40015351375749,
          "p_two_sided": 0.009900990099009901,
          "n": 100
        },
        "bigram_mutual_information": {
          "mean": 0.2567431630124578,
          "std": 0.009033397666335971,
          "z_score": 22.365252839243702,
          "p_two_sided": 0.009900990099009901,
          "n": 100
        }
      },
      "nth_token_2": {
        "entropy": {
          "mean": 11.102592184020764,
          "std": 0.025654872640246046,
          "z_score": 38.29551460472118,
          "p_two_sided": 0.009900990099009901,
          "n": 100
        },
        "compression_ratio": {
          "mean": 0.40664129104801505,
          "std": 0.0014129859181934395,
          "z_score": -42.393956672871546,
          "p_two_sided": 0.009900990099009901,
          "n": 100
        },
        "type_token_ratio": {
          "mean": 0.38633666666666655,
          "std": 0.00353903156872674,
          "z_score": -47.0201465729687,
          "p_two_sided": 0.009900990099009901,
          "n": 100
        },
        "bigram_mutual_information": {
          "mean": 8.394112255759282,
          "std": 0.04953442328858055,
          "z_score": -12.037016915487298,
          "p_two_sided": 0.009900990099009901,
          "n": 100
        }
      },
      "nth_token_3": {
        "entropy": {
          "mean": 10.892670074970232,
          "std": 0.029690859847526358,
          "z_score": 36.92033650171026,
          "p_two_sided": 0.009900990099009901,