{
  "real": {
    "dim": {
      "vocab_size": 500,
      "singular_values": [
        33.92777680324495,
        24.93214733274002,
        20.62932848614582,
        19.501941473361192,
        17.864040726513657,
        16.576126019755588,
        16.12391278551325,
        15.321279625705673,
        15.16152489123662,
        14.585530774312975,
        13.748377442334114,
        13.441638760823515,
        13.079492006229028,
        12.633369293721833,
        12.314733351083412,
        11.320367562567963,
        11.249896261879746,
        11.131515894016612,
        11.002765594975893,
        10.77819850630454
      ],
      "effective_rank_90": 83,
      "variance_explained": [
        0.04057758554705571,
        0.07039640766242916,
        0.0950690629407094,
        0.1183933645316495,
        0.1397587385436262,
        0.15958376791428264,
        0.1788679507300825,
        0.1971921851268076,
        0.21532535302831088,
        0.23276963256882274,
        0.24921267760047264,
        0.2652888634900759,
        0.2809319222402157,
        0.29604141869311956,
        0.3107698268921199,
        0.3243089746487829,
        0.33776383880357974,
        0.351077120162312,
        0.3642364162981447,
        0.37712713043096374
      ]
    },
    "reset": {
      "avg_successor_overlap": 0.041488089496627,
      "reset_score": 0.958511910503373,
      "num_compared_tokens": 32
    }
  },
  "pool": {
    "dim": {
      "vocab_size": 359,
      "singular_values": [
        103.2084606477052,
        43.935833981130635,
        38.003369289795806,
        31.5099177942049,
        26.943184071512956,
        25.498044930624918,
        21.760014787569713,
        20.71333565093124,
        18.859270455097604,
        18.339437955097033,
        17.822292599455846,
        17.335817781701365,
        16.13320499260173,
        15.700067383481931,
        14.752670351766334,
        14.541337004938525,
        14.41179185000809,
        13.385337375881136,
        13.046658558898176,
        12.756932608781693
      ],
      "effective_rank_90": 79,
      "variance_explained": [
        0.0949333279530837,
        0.13534643856482165,
        0.17030274250995323,
        0.19928623224479866,
        0.22406914358277635,
        0.2475227853324007,
        0.26753810778879894,
        0.2865906726077267,
        0.3039378289923277,
        0.32080683243390906,
        0.3372001546247636,
        0.35314600697520987,
        0.36798567061213716,
        0.38242692510278575,
        0.3959967437387651,
        0.4093721734865086,
        0.42262844485711376,
        0.434940561663164,
        0.4469411545204835,
        0.4586752513127874
      ]
    },
    "reset": {
      "avg_successor_overlap": 0.02564102564102564,
      "reset_score": 0.9743589743589743,
      "num_compared_tokens": 1
    }
  },
  "table": {
    "dim": {
      "vocab_size": 82,
      "singular_values": [
        287.2044474994789,
        217.53277471610735,
        200.9044485403054,
        200.00000000000014,
        200.00000000000009,
        184.77590650225727,
        173.20508075688778,
        173.20508075688775,
        143.4748282298195,
        141.4213562373096,
        141.42135623730954,
        141.4213562373095,
        141.42135623730948,
        112.60325006104947,
        100.00000000000016,
        100.00000000000009,
        100.00000000000009,
        100.00000000000007,
        100.00000000000006,
        100.00000000000006
      ],
      "effective_rank_90": 61,
      "variance_explained": [
        0.036285368286924836,
        0.06376842752842538,
        0.08915066644998577,
        0.11441863747400043,
        0.1396866084980151,
        0.1630311697551905,
        0.18491387456407626,
        0.20679657937296206,
        0.22492316838489484,
        0.2427903220428008,
        0.26065747570070674,
        0.2785246293586127,
        0.29639178301651864,
        0.310618061315281,
        0.32325204682728836,
        0.3358860323392957,
        0.348520017851303,
        0.3611540033633103,
        0.37378798887531767,
        0.38642197438732495
      ]
    },
    "reset": {
      "avg_successor_overlap": 1.0,
      "reset_score": 0.0,
      "num_compared_tokens": 0
    }
  }
}