{
  "Voynich (Real)": {
    "coverage": {
      "total_visits": 34635,
      "unique_states": 31754,
      "coverage_ratio": 0.9168182474375631,
      "hapax_ratio": 0.9638155822888455,
      "top_frequencies": [
        152,
        55,
        45,
        34,
        33,
        30,
        29,
        28,
        28,
        26,
        26,
        25,
        25,
        23,
        22,
        22,
        20,
        20,
        19,
        18
      ]
    },
    "redundancy": {
      "path_overlap_rate_n3": 0.005117626056254215,
      "redundant_lines_count": 82,
      "mean_repetition_distance": 464.3414634146341,
      "total_sequences_n3": 25207
    },
    "errors": {
      "detected_deviations_count": 0,
      "deviation_rate": 0.0,
      "sample_deviations": []
    },
    "exhaustion": {
      "novelty_curve": [
        0.9861878453038674,
        0.9864864864864865,
        0.9621380846325167,
        0.9757330637007078,
        0.9611428571428572,
        0.9661781285231116,
        0.933972310969116,
        0.9366700715015321,
        0.9317931793179318,
        0.9489130434782609,
        0.9619151251360174,
        0.9352678571428571,
        0.9433526011560693,
        0.9206642066420664,
        0.9207606973058637,
        0.9242174629324547,
        0.9129129129129129,
        0.8987341772151899,
        0.8960573476702509,
        0.8998505231689088,
        0.9237668161434978,
        0.9190981432360743,
        0.8924050632911392,
        0.9023569023569024,
        0.8837579617834395,
        0.9599555061179088,
        0.8564814814814815,
        0.925,
        0.8636363636363636,
        0.9333333333333333,
        0.9410187667560321,
        0.9560260586319218,
        0.9846827133479212,
        0.996969696969697,
        0.9735849056603774,
        0.8677966101694915,
        0.8740831295843521,
        0.8433908045977011,
        0.8448275862068966,
        0.8798342541436464,
        0.8529048207663782,
        0.8350824587706147,
        0.8187599364069952,
        0.8368495077355836,
        0.9076704545454546,
        0.9259259259259259,
        0.8951048951048951,
        0.9078014184397163,
        0.8928571428571429,
        0.8668639053254438,
        0.9098360655737705,
        0.8739495798319328
      ],
      "final_novelty_rate": 0.8739495798319328,
      "initial_novelty_rate": 0.9861878453038674,
      "is_converging": true
    }
  },
  "Lattice Simulator (Syn)": {
    "coverage": {
      "total_visits": 41160,
      "unique_states": 29704,
      "coverage_ratio": 0.7216715257531584,
      "hapax_ratio": 0.7117223269593321,
      "top_frequencies": [
        6,
        6,
        6,
        6,
        6,
        6,
        6,
        6,
        6,
        6,
        6,
        6,
        6,
        6,
        6,
        6,
        6,
        6,
        6,
        6
      ]
    },
    "redundancy": {
      "path_overlap_rate_n3": 0.25118237771298996,
      "redundant_lines_count": 990,
      "mean_repetition_distance": 1550.2545454545455,
      "total_sequences_n3": 30870
    },
    "errors": {
      "detected_deviations_count": 0,
      "deviation_rate": 0.0,
      "sample_deviations": []
    },
    "exhaustion": {
      "novelty_curve": [
        0.99,
        0.93,
        0.9475,
        0.9725,
        0.96375,
        0.95,
        0.94,
        0.89375,
        0.88,
        0.90625,
        0.88625,
        0.85625,
        0.82375,
        0.84625,
        0.8125,
        0.86125,
        0.8075,
        0.765,
        0.79,
        0.74375,
        0.825,
        0.7875,
        0.7525,
        0.75125,
        0.66875,
        0.78,
        0.67125,
        0.65,
        0.6325,
        0.615,
        0.6775,
        0.635,
        0.61375,
        0.6525,
        0.66,
        0.60375,
        0.64125,
        0.69125,
        0.59375,
        0.61875,
        0.5775,
        0.46125,
        0.50625,
        0.5625,
        0.59125,
        0.51125,
        0.42875,
        0.63125,
        0.5225,
        0.57625,
        0.45125,
        0.49444444444444446
      ],
      "final_novelty_rate": 0.49444444444444446,
      "initial_novelty_rate": 0.99,
      "is_converging": true
    }
  }
}