{
  "real_profile": [
    7.966034421314837,
    8.025981920147434,
    8.009405569233445,
    8.061181383621932,
    7.968681650750282,
    8.06532234310819
  ],
  "sim_profile": [
    6.29570159310025,
    6.324825154378096,
    6.194545790218032,
    6.189225607079283,
    6.199617342301428
  ]
}