{
  "real": {
    "avg_info": 2.202484544407731,
    "max_info": 4.322034576784766,
    "num_keywords": 4288
  },
  "synthetic": {
    "avg_info": 1.3650499949012194,
    "max_info": 2.9522025705962225,
    "num_keywords": 101
  },
  "shuffled": {
    "avg_info": 1.2599817967410039,
    "max_info": 3.3510839823300977,
    "num_keywords": 3038
  },
  "real_keywords": [
    [
      "@170;",
      4.322034576784766
    ],
    [
      "@172;",
      4.322034576784766
    ],
    [
      "y,shedy",
      4.322034576784766
    ],
    [
      "1ch",
      4.322034576784766
    ],
    [
      "okco8am",
      4.322034576784766
    ],
    [
      "^",
      4.322034576784766
    ],
    [
      "|",
      4.322034576784766
    ],
    [
      "@201;",
      4.322034576784766
    ],
    [
      "@202;",
      4.322034576784766
    ],
    [
      "okCos",
      4.322034576784766
    ],
    [
      "goe",
      4.322034576784766
    ],
    [
      "4oHoe",
      4.322034576784766
    ],
    [
      "aie",
      4.322034576784766
    ],
    [
      "okCo",
      4.322034576784766
    ],
    [
      "ehd9",
      4.322034576784766
    ],
    [
      "4OHSG",
      4.322034576784766
    ],
    [
      "8TAM",
      4.322034576784766
    ],
    [
      "HZAN",
      4.322034576784766
    ],
    [
      "8CCG",
      4.322034576784766
    ],
    [
      "OHOE8G",
      4.322034576784766
    ],
    [
      "4ODZOE",
      4.322034576784766
    ],
    [
      "OCCG",
      4.322034576784766
    ],
    [
      "GHCCO8G",
      4.322034576784766
    ],
    [
      "ODC8AM",
      4.322034576784766
    ],
    [
      "OHCC8",
      4.322034576784766
    ],
    [
      "OHCCCG",
      4.322034576784766
    ],
    [
      "TCC8AM",
      4.322034576784766
    ],
    [
      "EDCCCG",
      4.322034576784766
    ],
    [
      "ZOM",
      4.322034576784766
    ],
    [
      "OBS9",
      4.322034576784766
    ],
    [
      "ZCF9",
      4.319906430648933
    ],
    [
      "SCX9",
      4.319906430648933
    ],
    [
      "9FCC89",
      4.319906430648933
    ],
    [
      "E89",
      4.319906430648933
    ],
    [
      "9FC89",
      4.319906430648933
    ],
    [
      "ZCC89",
      4.319906430648933
    ],
    [
      "OPCC89",
      4.319906430648933
    ],
    [
      "FCC89",
      4.319906430648933
    ],
    [
      "ESC9",
      4.319906430648933
    ],
    [
      "ZAE",
      4.319906430648933
    ],
    [
      "A3",
      4.319906430648933
    ],
    [
      "SCC89",
      4.319906430648933
    ],
    [
      "9PCC9",
      4.319906430648933
    ],
    [
      "ZCO89",
      4.319906430648933
    ],
    [
      "OPC9",
      4.319906430648933
    ],
    [
      "AU",
      4.319906430648933
    ],
    [
      "4OFS89",
      4.319906430648933
    ],
    [
      "AT",
      4.319906430648933
    ],
    [
      "4OFAE",
      4.319906430648933
    ],
    [
      "SCP9",
      4.319906430648933
    ]
  ]
}