{
  "voynich_real": {
    "metrics": {
      "avg_info": 2.202484544407731,
      "max_info": 4.322034576784766,
      "num_keywords": 4288
    },
    "top_keywords": [
      [
        "@170;",
        4.322034576784766
      ],
      [
        "@172;",
        4.322034576784766
      ],
      [
        "y,shedy",
        4.322034576784766
      ],
      [
        "1ch",
        4.322034576784766
      ],
      [
        "okco8am",
        4.322034576784766
      ],
      [
        "^",
        4.322034576784766
      ],
      [
        "|",
        4.322034576784766
      ],
      [
        "@201;",
        4.322034576784766
      ],
      [
        "@202;",
        4.322034576784766
      ],
      [
        "okCos",
        4.322034576784766
      ],
      [
        "goe",
        4.322034576784766
      ],
      [
        "4oHoe",
        4.322034576784766
      ],
      [
        "aie",
        4.322034576784766
      ],
      [
        "okCo",
        4.322034576784766
      ],
      [
        "ehd9",
        4.322034576784766
      ],
      [
        "4OHSG",
        4.322034576784766
      ],
      [
        "8TAM",
        4.322034576784766
      ],
      [
        "HZAN",
        4.322034576784766
      ],
      [
        "8CCG",
        4.322034576784766
      ],
      [
        "OHOE8G",
        4.322034576784766
      ]
    ]
  },
  "latin_classic": {
    "metrics": {
      "avg_info": 1.162041512487997,
      "max_info": 2.321928094887362,
      "num_keywords": 3231
    },
    "top_keywords": [
      [
        "judith",
        2.321928094887362
      ],
      [
        "boss",
        2.321928094887362
      ],
      [
        "divisa",
        2.321928094887362
      ],
      [
        "lingua",
        2.321928094887362
      ],
      [
        "garumna",
        2.321928094887362
      ],
      [
        "helvetii",
        2.321928094887362
      ],
      [
        "helvetios",
        2.321928094887362
      ],
      [
        "orgetorix",
        2.321928094887362
      ],
      [
        "messala",
        2.321928094887362
      ],
      [
        "pisone",
        2.321928094887362
      ],
      [
        "persuasit",
        2.321928094887362
      ],
      [
        "exirent",
        2.321928094887362
      ],
      [
        "agrum",
        2.321928094887362
      ],
      [
        "patebant",
        2.321928094887362
      ],
      [
        "orgetorigis",
        2.321928094887362
      ],
      [
        "suscipit",
        2.321928094887362
      ],
      [
        "dumnorigi",
        2.321928094887362
      ],
      [
        "filiam",
        2.321928094887362
      ],
      [
        "matrimonium",
        2.321928094887362
      ],
      [
        "perficere",
        2.321928094887362
      ]
    ]
  },
  "self_citation": {
    "metrics": {
      "avg_info": 3.586957429588596,
      "max_info": 4.321928094887363,
      "num_keywords": 8761
    },
    "top_keywords": [
      [
        "xgnohnk",
        4.321928094887363
      ],
      [
        "fwwwu",
        4.321928094887363
      ],
      [
        "phin",
        4.321928094887363
      ],
      [
        "aky",
        4.321928094887363
      ],
      [
        "avrjvde",
        4.321928094887363
      ],
      [
        "vxhlt",
        4.321928094887363
      ],
      [
        "svr",
        4.321928094887363
      ],
      [
        "nxrkl",
        4.321928094887363
      ],
      [
        "gykd",
        4.321928094887363
      ],
      [
        "vmvxft",
        4.321928094887363
      ],
      [
        "cvhmdsh",
        4.321928094887363
      ],
      [
        "amkvvz",
        4.321928094887363
      ],
      [
        "yxzoh",
        4.321928094887363
      ],
      [
        "vqh",
        4.321928094887363
      ],
      [
        "oenfioh",
        4.321928094887363
      ],
      [
        "hpt",
        4.321928094887363
      ],
      [
        "yprxtchu",
        4.321928094887363
      ],
      [
        "gmnokfl",
        4.321928094887363
      ],
      [
        "jkdap",
        4.321928094887363
      ],
      [
        "lmommc",
        4.321928094887363
      ]
    ]
  },
  "table_grille": {
    "metrics": {
      "avg_info": 0.010282835818691547,
      "max_info": 0.0206427614569895,
      "num_keywords": 0
    },
    "top_keywords": [
      [
        "sainm",
        0.0206427614569895
      ],
      [
        "yeen",
        0.020342587608056562
      ],
      [
        "sars",
        0.020323589230588718
      ],
      [
        "shaldy",
        0.020102812732091326
      ],
      [
        "oaiindy",
        0.01983611561673361
      ],
      [
        "shainy",
        0.01925004657448117
      ],
      [
        "oedy",
        0.019144047815143575
      ],
      [
        "dedy",
        0.01820018365598383
      ],
      [
        "qorm",
        0.017446177743013064
      ],
      [
        "qardy",
        0.016860667667625114
      ],
      [
        "chaiinty",
        0.015971267209004866
      ],
      [
        "qorn",
        0.01571475920789607
      ],
      [
        "oalm",
        0.015062159655858345
      ],
      [
        "oeedy",
        0.014916844851059867
      ],
      [
        "dolm",
        0.014782896117223804
      ],
      [
        "chary",
        0.014676310755854086
      ],
      [
        "charm",
        0.014275653649088862
      ],
      [
        "qaln",
        0.014149616025990791
      ],
      [
        "qols",
        0.013519430879501682
      ],
      [
        "qaiinty",
        0.013484739956777365
      ]
    ]
  },
  "mechanical_reuse": {
    "metrics": {
      "avg_info": 3.622186940256399,
      "max_info": 4.321928094887363,
      "num_keywords": 7247
    },
    "top_keywords": [
      [
        "daishedain",
        4.321928094887363
      ],
      [
        "<!0>oteeykcheol",
        4.321928094887363
      ],
      [
        "c@10>",
        4.321928094887363
      ],
      [
        "qolkheeol",
        4.321928094887363
      ],
      [
        "okchedchain",
        4.321928094887363
      ],
      [
        "chedokeokey",
        4.321928094887363
      ],
      [
        "ckechey",
        4.321928094887363
      ],
      [
        "oteeeodair",
        4.321928094887363
      ],
      [
        "chokarain",
        4.321928094887363
      ],
      [
        "qolcho]r",
        4.321928094887363
      ],
      [
        "qoteedy<!1416:o",
        4.321928094887363
      ],
      [
        "teekar",
        4.321928094887363
      ],
      [
        "or]ain",
        4.321928094887363
      ],
      [
        "s<!E>c",
        4.321928094887363
      ],
      [
        "qotchaiin",
        4.321928094887363
      ],
      [
        "chedyteodaiin",
        4.321928094887363
      ],
      [
        "daifhekhor",
        4.321928094887363
      ],
      [
        "ctar:1:0>pokeda",
        4.321928094887363
      ],
      [
        "okeotolokhy",
        4.321928094887363
      ],
      [
        "okeodain",
        4.321928094887363
      ]
    ]
  },
  "shuffled_global": {
    "metrics": {
      "avg_info": 1.2607687926676525,
      "max_info": 3.350977500432694,
      "num_keywords": 3028
    },