{
  "provenance": {
    "run_id": "d811a80d-e007-89a0-4140-f59f9c8b8c41",
    "git_commit": "204d1a9eb4a4e5cde1844826deaf6d0032ec662d",
    "timestamp": "2026-02-18T02:48:49.263825+00:00",
    "seed": 42,
    "experiment_id": "701f3378-d37c-9c13-acd8-b1040a72761e",
    "run_nonce": 1771382929263511000,
    "command": "run_order_constraints_check_phase4"
  },
  "results": {
    "status": "ok",
    "config": {
      "token_limit": 120000,
      "vocab_limit": 500,
      "permutations": 50,
      "random_state": 42
    },
    "datasets": {
      "voynich_real": {
        "status": "ok",
        "token_count": 120000,
        "vocab_size": 500,
        "metrics": {
          "bigram_cond_entropy": {
            "observed": 4.29108021197422,
            "perm_mean": 4.507947750434849,
            "perm_std": 0.002161493294453776,
            "delta": -0.21686753846062867,
            "z_score": -100.33227445909452,
            "p_directional": 0.0196078431372549,
            "num_permutations": 50
          },
          "trigram_cond_entropy": {
            "observed": 2.8725937556410255,
            "perm_mean": 3.18076291199041,
            "perm_std": 0.0064557011399457,
            "delta": -0.30816915634938447,
            "z_score": -47.73597006257581,
            "p_directional": 0.0196078431372549,
            "num_permutations": 50
          },
          "bigram_mutual_information": {
            "observed": 0.7793925239531649,
            "perm_mean": 0.5624907099216112,
            "perm_std": 0.002175241890924807,
            "delta": 0.21690181403155373,
            "z_score": 99.71388236704914,
            "p_directional": 0.0196078431372549,
            "num_permutations": 50
          }
        }
      },
      "latin_classic": {
        "status": "ok",
        "token_count": 120000,
        "vocab_size": 500,
        "metrics": {
          "bigram_cond_entropy": {
            "observed": 4.092488154525584,
            "perm_mean": 4.7663549658218685,
            "perm_std": 0.0019545959894259673,
            "delta": -0.6738668112962847,
            "z_score": -344.760152451857,
            "p_directional": 0.0196078431372549,
            "num_permutations": 50
          },
          "trigram_cond_entropy": {
            "observed": 2.8810644381754855,
            "perm_mean": 3.240999040832537,
            "perm_std": 0.00498113503018033,
            "delta": -0.35993460265705135,
            "z_score": -72.25955539776258,
            "p_directional": 0.0196078431372549,
            "num_permutations": 50
          },
          "bigram_mutual_information": {
            "observed": 1.2437191251963222,
            "perm_mean": 0.5698657285793327,
            "perm_std": 0.0019540970461431996,
            "delta": 0.6738533966169895,
            "z_score": 344.8413158123204,
            "p_directional": 0.0196078431372549,
            "num_permutations": 50
          }
        }
      },
      "self_citation": {
        "status": "ok",
        "token_count": 120000,
        "vocab_size": 500,
        "metrics": {
          "bigram_cond_entropy": {
            "observed": 2.887380232857833,
            "perm_mean": 2.9336755102488428,
            "perm_std": 0.0016829007756580829,
            "delta": -0.046295277391009915,
            "z_score": -27.509213888683707,
            "p_directional": 0.0196078431372549,
            "num_permutations": 50
          },
          "trigram_cond_entropy": {
            "observed": 2.347864929451905,
            "perm_mean": 2.479048279153719,
            "perm_std": 0.0036058954793866667,
            "delta": -0.13118334970181378,
            "z_score": -36.380241871050295,
            "p_directional": 0.0196078431372549,
            "num_permutations": 50
          },
          "bigram_mutual_information": {
            "observed": 0.4011983696647894,
            "perm_mean": 0.35487928208509145,
            "perm_std": 0.0016869310480743856,
            "delta": 0.04631908757969794,
            "z_score": 27.457605711016285,
            "p_directional": 0.0196078431372549,
            "num_permutations": 50
          }
        }
      },
      "table_grille": {
        "status": "ok",
        "token_count": 120000,
        "vocab_size": 91,
        "metrics": {
          "bigram_cond_entropy": {
            "observed": 1.1335939639845218,
            "perm_mean": 6.405941465769412,
            "perm_std": 0.0007299704592865958,
            "delta": -5.27234750178489,
            "z_score": -7222.686116555436,
            "p_directional": 0.0196078431372549,
            "num_permutations": 50
          },
          "trigram_cond_entropy": {
            "observed": 1.0471733371243745,
            "perm_mean": 3.816129870095204,
            "perm_std": 0.0015681474022753539,
            "delta": -2.7689565329708294,
            "z_score": -1765.7501641447245,
            "p_directional": 0.0196078431372549,
            "num_permutations": 50
          },
          "bigram_mutual_information": {
            "observed": 5.321889569760619,
            "perm_mean": 0.04953535096139154,
            "perm_std": 0.0007298570362618965,
            "delta": 5.272354218799228,
            "z_score": 7223.817757245455,
            "p_directional": 0.0196078431372549,
            "num_permutations": 50
          }
        }
      },
      "mechanical_reuse": {
        "status": "ok",
        "token_count": 120000,
        "vocab_size": 500,
        "metrics": {
          "bigram_cond_entropy": {
            "observed": 4.31230535712443,
            "perm_mean": 4.376871795435011,
            "perm_std": 0.001666661543998339,
            "delta": -0.06456643831058084,
            "z_score": -38.73998205759597,
            "p_directional": 0.0196078431372549,
            "num_permutations": 50
          },
          "trigram_cond_entropy": {
            "observed": 3.2414095492886474,
            "perm_mean": 3.325521337980443,
            "perm_std": 0.005008799787250767,
            "delta": -0.08411178869179547,
            "z_score": -16.792803119400148,
            "p_directional": 0.0196078431372549,
            "num_permutations": 50
          },
          "bigram_mutual_information": {
            "observed": 0.41092734530953123,
            "perm_mean": 0.34633470314624787,
            "perm_std": 0.0016728570856944082,
            "delta": 0.06459264216328336,
            "z_score": 38.612169990881654,
            "p_directional": 0.0196078431372549,
            "num_permutations": 50
          }
        }
      },
      "shuffled_global": {
        "status": "ok",
        "token_count": 120000,
        "vocab_size": 500,
        "metrics": {
          "bigram_cond_entropy": {
            "observed": 4.541999455954963,
            "perm_mean": 4.5398138732178,
            "perm_std": 0.0019309193731332005,
            "delta": 0.002185582737163294,
            "z_score": 1.1318871039223481,
            "p_directional": 0.8627450980392157,
            "num_permutations": 50
          },
          "trigram_cond_entropy": {
            "observed": 3.1867853801148502,
            "perm_mean": 3.1867115556769607,
            "perm_std": 0.005229682490119189,
            "delta": 7.382443788950255e-05,
            "z_score": 0.01411642829731715,
            "p_directional": 0.45098039215686275,
            "num_permutations": 50
          },
          "bigram_mutual_information": {
            "observed": 0.5617436050547049,
            "perm_mean": 0.5638939066979632,
            "perm_std": 0.0019395916024746445,
            "delta": -0.0021503016432583566,
            "z_score": -1.10863629256534,
            "p_directional": 0.8627450980392157,
            "num_permutations": 50
          }
        }
      }
    },
    "dataset_labels": {
      "voynich_real": "Voynich (Real)",
      "latin_classic": "Latin (Semantic)",
      "self_citation": "Self-Citation",
      "table_grille": "Table-Grille",